word_count,special_characters,capital_use,domain_reputation,is_spam
96,5,7,0.4141410682156662,0
107,7,4,0.9579458599261376,0
88,6,3,0.5411138248788447,0
103,3,2,0.6050895185405384,0
111,7,5,0.22048763941474925,0
90,3,4,0.6256507894272765,1
94,5,6,0.5716076494829438,1
98,3,5,0.18483839794702495,0
103,2,6,0.059587097353143714,0
94,5,3,0.6043593197147711,0
99,4,5,0.7636922693503205,0
90,5,3,0.5234013709220082,0
103,5,7,0.2267726253196457,0
103,2,5,0.6665219766930349,1
94,3,4,0.08010572660960225,0
105,5,3,0.4418337048019546,0
86,4,3,0.1633667583984202,1
92,6,5,0.18445905105988336,0
94,6,3,0.20229394915820365,0
101,7,5,0.3867070570439779,0
103,6,3,0.051150205620397626,0
84,5,5,0.3977934409290982,1
76,6,6,0.5117074471147008,0
97,4,6,0.4832942849663252,1
111,4,6,0.38278410040304056,0
93,6,3,0.8391466080707525,0
87,5,2,0.1453266924205041,1
108,6,5,0.505696743781374,0
106,6,4,0.062041416956554296,0
108,7,4,0.07115567887790974,0
96,7,1,0.5738658496770963,0
113,5,3,0.566018424887821,0
95,4,1,0.878033512844457,0
94,5,7,0.5578736756600732,0
107,4,3,0.9597910204048502,0
114,5,5,0.04869484839992977,1
86,6,2,0.09800768478074107,0
108,6,5,0.04406586157038139,1
108,4,4,0.18527685033354002,0
101,3,7,0.5412701109416781,0
94,5,7,0.645572181427428,1
116,3,4,0.0455851579486688,0
97,7,7,0.9459708898455993,1
91,4,9,0.842165376650381,0
94,3,6,0.2966124821570931,0
118,2,6,0.07718753022646796,0
104,6,3,0.16988707321905727,0
110,6,5,0.12694441375497267,1
115,4,2,0.12328377929894685,0
94,3,2,0.5185616886657339,1
91,5,10,0.2458474424934003,1
110,4,4,0.35813971652914445,0
98,6,6,0.9895053333843224,0
86,5,6,0.6843142489253448,1
121,4,6,0.9489806670470013,1
100,4,10,0.1425565550331156,0
96,8,3,0.38213947483256927,0
127,5,2,0.5547318032823543,0
100,6,4,0.07675806188873802,0
93,3,3,0.004187443627957865,0
103,5,1,0.6704343337969175,1
78,2,4,0.6418195168014353,0
116,5,6,0.41078880999961176,0
88,8,5,0.48964407603203264,0
105,5,4,0.4154430005920896,0
92,2,5,0.024005044844888856,0
96,2,3,0.3353716062174624,0
104,5,1,0.17708225539728983,0
84,3,6,0.09842418910136874,0
95,2,5,0.9567204338893498,0
105,6,6,0.5993597250421656,1
100,5,2,0.7286562842366027,0
104,4,6,0.3153637432661175,0
106,7,5,0.3931471294940152,0
120,3,5,0.23692399389672347,1
95,8,5,0.09696567096542474,0
118,4,6,0.1790316374415838,0
92,7,5,0.7975140452964858,1
110,5,5,0.6775458051837758,0
101,6,9,0.5469288759854769,0
84,8,6,0.47508987286676807,0
115,4,4,0.9224342836561245,0
95,8,5,0.0727349477786684,0
114,5,4,0.28060081323791597,1
104,5,3,0.34993785357071405,0
89,4,5,0.7824258122127878,1
103,5,7,0.9925146201619713,0
85,3,7,0.24067051475715306,1
101,5,4,0.8743073341370806,0
104,5,5,0.8306227604317913,0
106,6,3,0.22465739764176662,0
95,7,9,0.3993325801992226,1
104,5,8,0.4096728692925191,0
105,4,5,0.9782206685265583,0
84,4,6,0.18089190137889832,0
93,4,5,0.799157971104782,0
115,3,5,0.3341927141731099,0
109,4,2,0.7308703457761604,0
102,4,4,0.42001100429566285,0
90,8,5,0.57835976311654,0
93,5,5,0.8326117733261311,0
104,4,4,0.8041655649838841,0
117,5,7,0.8664231835397002,1
98,3,3,0.05961732534465902,0
94,5,4,0.6920505530397448,0
112,6,5,0.13998737672176287,0
89,5,5,0.415818568018411,1
119,5,5,0.5485884150546885,1
102,9,3,0.40273948474683074,1
87,7,3,0.5196116758030075,0
113,6,5,0.9965263087986191,0
106,5,5,0.13521731371285473,0
96,5,3,0.6754560453364256,0
110,4,5,0.3960009663856152,0
100,5,4,0.13300979890732878,1
110,2,5,0.15873676337430953,1
106,5,6,0.9492731062456169,1
114,5,3,0.879601496711762,0
96,4,1,0.9070419604150218,0
102,8,6,0.9915327758273865,0
99,7,5,0.20831539000851795,0
93,6,5,0.35543933736406175,1
69,5,6,0.6692190299248667,0
111,7,6,0.48380253986064725,0
87,3,8,0.4183895333783335,0
108,6,5,0.35781124933559305,0
104,3,4,0.5937806319434522,1
78,6,4,0.575593428640082,0
101,4,3,0.16145783406424008,1
100,7,5,0.47173983751843906,0
109,7,3,0.5534717762098499,0
98,3,7,0.5702869387313905,1
111,5,5,0.2101071929123518,0
97,8,5,0.7422713922522868,1
88,5,4,0.025199094821069634,0
101,7,2,0.35483185554316266,0
105,5,1,0.7802126485356335,0
102,4,4,0.5638929210554023,1
98,4,2,0.26116243251086024,0
96,4,5,0.6949531193430477,1
76,6,7,0.5673909441560734,0
112,5,7,0.7962436094563872,0
99,5,5,0.7350251861898234,0
100,5,3,0.6101079220362347,0
89,5,6,0.488177675310814,0
97,7,7,0.1331821256675234,1
104,8,3,0.26133301788538377,0
96,5,6,0.41909947291708527,0
100,6,3,0.5992992870063887,0
105,6,6,0.5137078552153048,0
81,5,10,0.2881845259595295,0
120,8,1,0.006464357789710551,0
97,4,7,0.49623922190081393,0
99,3,5,0.2856259885622431,0
120,7,8,0.7346083007105351,0
90,5,4,0.02394626527048349,0
85,7,6,0.5848278113057909,0
84,7,2,0.9414742375060654,0
82,3,4,0.1744092671114995,0
112,7,2,0.47164949075059537,1
110,5,8,0.09142199181713817,1
86,5,6,0.6256819122613526,1
104,6,6,0.5505316805962256,0
107,7,7,0.40736552421283234,1
93,2,2,0.5213770214737412,1
108,5,4,0.8965746584690102,1
96,6,2,0.19629430231106704,0
95,6,3,0.022564511705347234,0
112,6,3,0.861664884699101,1
108,3,4,0.5771170823879065,0
85,4,3,0.8906584554618424,0
100,4,2,0.5969452234131726,0
95,6,3,0.8101610899597025,0
97,4,3,0.42967336335514794,0
116,4,8,0.7498599312882688,0
95,8,6,0.913041466889856,0
123,1,8,0.5721229637222063,0
104,9,4,0.18078515056237954,0
94,6,3,0.26879761503019817,0
105,7,6,0.19864457689740578,0
109,4,4,0.24685702759573291,0
84,2,4,0.3064154493510364,1
79,6,3,0.5551337867531885,0
98,7,3,0.5879916294638328,0
96,6,3,0.4264997472418611,0
88,3,4,0.6154207798208354,1
103,6,5,0.08157492561136592,0
83,6,2,0.08778823705815997,0
82,6,3,0.17182946035765845,0
106,6,6,0.5180774980403448,0
96,7,3,0.21399467869831357,1
96,5,4,0.28328440349257733,1
109,3,6,0.40031283617299407,0
98,5,3,0.8118661240103798,0
86,3,2,0.013862135912860118,0
79,5,4,0.6493788202366224,0
86,5,4,0.6688765310406853,0
108,3,5,0.7986557803566365,0
127,4,6,0.9327529390603132,0
93,3,3,0.020137848949289827,0
82,6,5,0.15378370551321618,1
104,8,4,0.886171294055993,0
99,3,3,0.45851856218701537,1
102,8,5,0.5645906389334635,1
76,5,3,0.6630272037231474,0
99,4,4,0.6790666044956374,1
93,3,2,0.9317404033165082,0
99,5,4,0.9969494174116696,0
102,6,4,0.7201574609309402,0
106,6,6,0.2872212092051508,1
94,2,2,0.8797524022943436,0
105,3,4,0.04922091454076161,0
116,5,4,0.2310808528744962,1
122,4,6,0.8973857174637149,0
103,4,5,0.25619151443935495,0
119,4,5,0.22065105962174847,1
76,6,6,0.13812529314024724,1
96,7,6,0.8591117576469165,1
103,5,4,0.5000582591910867,1
111,7,5,0.6748932030541548,0
97,4,6,0.23906638407502967,1
112,5,9,0.7580404210112165,0
99,4,7,0.7600055449620985,0
124,6,4,0.31259802490830013,0
91,8,3,0.41068263301028285,0
103,5,4,0.20969027743020086,1
86,4,6,0.9765610233229043,1
101,6,4,0.6456025770584116,0
101,3,4,0.9345438807155155,0
101,7,6,0.30338554362913317,0
113,5,4,0.7818909129968897,1
87,5,6,0.765858643884742,1
108,5,4,0.6916556518665415,0
106,6,4,0.9656389752668004,0
87,3,4,0.39355533610631555,0
96,6,6,0.1307173235897573,0
97,4,2,0.6717088592440608,1
116,6,3,0.7293098004772062,0
100,6,8,0.5750605734588147,0
97,6,3,0.20681789313339627,0
100,5,5,0.5044559416693554,0
99,5,5,0.3121897365691294,1
100,3,4,0.42746652816668906,0
104,6,5,0.6452185758446639,0
82,4,3,0.7452147426908345,0
87,5,5,0.23222469090134312,0
87,4,4,0.40532536064695335,0
90,3,5,0.2691615709916292,1
115,6,3,0.19863161386186912,0
105,2,5,0.7833872199958384,0
90,6,3,0.9092526944369924,0
89,4,3,0.3702321856845767,0
89,0,3,0.7512789243737669,0
86,5,3,0.8969952893644111,0
91,2,6,0.8461242105302316,1
100,4,3,0.1828133885392259,1
104,6,7,0.9562918815133613,0
80,3,8,0.37667644042946247,0
110,7,5,0.33924066117383633,0
90,1,3,0.062431327277780335,0
96,4,4,0.486173654104883,1
103,6,6,0.10901361564092871,0
99,4,4,0.248539820927426,0
73,3,2,0.3169426217672814,1
106,4,5,0.808826323491684,1
100,4,6,0.8754886503958965,0
85,7,6,0.3024663174614697,0
101,4,3,0.8586981212445739,0
93,6,5,0.8572309373697911,0
91,7,3,0.7646509503848735,1
103,5,3,0.14669511401518154,1
109,7,7,0.690322846900729,1
83,5,3,0.9450240645805688,0
102,8,3,0.6825404787671571,1
98,3,0,0.33161684910783396,0
93,6,7,0.5005793174308313,0
104,5,6,0.6457250433510536,0
96,5,5,0.5105704087285036,0
103,6,6,0.11995294173096982,1
85,6,3,0.31206404465202064,0
92,1,4,0.8023960305536325,0
90,3,4,0.8614180460955174,0
83,6,2,0.13730003271557023,0
86,6,4,0.9523867523987246,0
110,8,7,0.32882261784860933,0
89,6,2,0.66231373873072,1
118,8,3,0.7518251459566812,0
102,6,3,0.8119462346378834,0
108,4,3,0.9457497022259301,0
95,3,7,0.3129195480288226,1
100,6,4,0.8585064545515545,0
86,6,4,0.13168690343620704,0
94,2,6,0.7050409063535927,0
88,4,3,0.7419777295139859,0
101,8,4,0.6777232412013204,0
95,5,4,0.252314736135153,1
95,5,5,0.8730431470152034,0
92,5,11,0.168858463370395,0
108,4,6,0.05363479152083084,1
99,4,4,0.7174649906119122,0
95,4,6,0.4754757152327337,0
86,2,3,0.8490980199586761,0
120,6,1,0.38339714105825895,0
81,5,3,0.16827858850771282,0
102,6,4,0.8364421924698697,0
87,7,4,0.5489096316400717,1
90,4,5,0.1891957923903549,1
89,6,7,0.7203839985864458,0
105,5,4,0.5111136384895005,0
96,7,4,0.6043129822403198,0
97,4,2,0.4608983382065819,1
98,6,1,0.8287089838180064,0
99,5,5,0.8295627156830498,0
108,4,4,0.7093888218243862,1
92,3,6,0.10540137739646227,1
97,6,3,0.8388538619040689,1
116,6,1,0.6710129805329098,0
104,4,4,0.6970241660042995,1
87,6,3,0.36298284040387163,1
103,5,2,0.8792795561570067,0
115,6,6,0.7253716002348575,0
88,4,2,0.11259046652919447,0
92,7,5,0.40777803440616267,1
108,4,3,0.8863803619601417,0
95,4,3,0.047196701697378995,0
86,3,4,0.9614166196420495,0
87,3,6,0.6791625683195628,1
109,5,4,0.6313759776433766,0
91,4,6,0.2705592564879914,0
107,7,2,0.24879178873917707,0
106,2,6,0.9420582194885955,1
92,5,3,0.29827245423412274,0
90,4,5,0.7755052967189994,0
102,2,5,0.39312179820707915,1
99,3,7,0.13925407078470398,0
88,5,4,0.01071529769535895,1
100,5,2,0.5442573370152508,0
119,5,1,0.9757788185489327,0
106,5,6,0.3691361938092045,0
102,5,5,0.35719233399304484,0
98,1,6,0.3440916178494421,0
119,5,3,0.5205438373048584,0
99,8,4,0.44066488342429355,1
87,5,1,0.8799146267270145,0
113,6,8,0.5055207917234903,0
103,4,5,0.5077578381885688,0
79,6,7,0.1383715947205566,1
110,6,3,0.982739540910386,0
95,5,5,0.24997289086882968,0
101,8,5,0.07336406745960267,0
95,3,4,0.6631462489752088,0
107,2,6,0.5953663701568727,0
91,6,7,0.4151456539927457,1
87,6,7,0.42219223388067806,0
100,3,6,0.7850639210464312,1
117,4,3,0.19571264009964906,0
102,2,3,0.8202533189448897,0
88,4,8,0.6487471138950182,1
100,6,1,0.4189697737795244,0
81,5,5,0.4580286165838686,1
91,4,5,0.2566472071860958,0
90,4,5,0.7521143326969748,1
102,1,9,0.5128747423052678,0
109,4,4,0.3208545427498436,0
101,6,4,0.5960501157609502,0
97,8,2,0.995734452051323,0
88,7,4,0.43526227965655384,0
96,2,3,0.9206914007786196,0
104,7,4,0.3450168399245661,0
106,6,6,0.054732706924985886,0
91,6,7,0.20424210636842888,1
110,5,3,0.4186951433276842,0
104,5,4,0.219634928594569,0
85,4,7,0.0002270382182555375,0
107,3,2,0.9150015377475272,0
111,4,2,0.843879411230929,0
105,4,3,0.7422922314869471,0
94,5,5,0.16781459564602863,1
91,6,3,0.12036357620998606,1
89,5,8,0.06760474947238315,0
98,3,4,0.7240291887729212,0
110,8,4,0.9288079606878853,0
93,7,3,0.430535820913037,0
103,6,4,0.11914067199604816,0
104,9,5,0.5123928207321066,0
101,5,6,0.34883190745863013,0
94,8,6,0.3748249243499977,0
108,3,5,0.6213306241557073,0
113,4,7,0.7187181132622024,1
115,4,6,0.11060359887316085,0
98,4,6,0.035590230806476386,1
93,3,2,0.9943303026857149,1
104,5,1,0.23272834891555183,0
87,6,3,0.053830524908459076,0
89,5,5,0.18987532909591998,0
86,3,4,0.03895784634846422,1
93,6,4,0.39181089461717167,1
104,6,7,0.8024017844513243,0
91,5,7,0.3412444497577206,0
113,6,7,0.44418340687836655,1
103,4,4,0.6755867735674388,0
98,4,5,0.5088940700698802,1
100,7,3,0.8614456860213242,1
89,4,3,0.8660356750457565,0
83,5,3,0.009910695491153643,0
92,7,4,0.7780463064831992,0
94,6,4,0.46073360024167387,0
107,3,6,0.9888405413036631,0
102,3,2,0.48323207587543515,1
107,1,6,0.9868959453882975,1
103,6,5,0.7545693612057366,1
100,5,3,0.24860488461330632,0
95,3,4,0.5383949792869577,1
85,8,4,0.9921356394785827,1
107,5,5,0.8575306077519237,0
106,4,4,0.0973668937912211,0
92,5,3,0.7063719968099961,0
110,6,2,0.34557958587081306,1
93,3,5,0.006982261880348117,0
96,4,7,0.4034809690269996,1
117,6,4,0.2347544217249713,0
122,5,6,0.8188692705204715,1
90,5,5,0.3373306088457655,0
113,5,7,0.8275236939538171,0
110,2,6,0.0005979388347953085,0
106,3,5,0.30781915002611915,0
92,5,5,0.24116521430776194,1
121,4,7,0.23356736106861098,0
89,2,4,0.0681866197654627,0
117,7,4,0.18712427041050173,0
106,8,1,0.5555495698856199,0
121,6,6,0.2913610728377445,0
95,7,6,0.41739478232914795,0
91,4,2,0.3768668803471885,1
82,8,5,0.8759049249998946,0
95,4,4,0.9052989990105155,1
81,8,2,0.49295697165586005,1
101,9,8,0.3301559503156044,0
95,6,3,0.10680070400236363,0
114,8,2,0.953402879382095,0
92,5,5,0.06022694490029745,1
113,4,6,0.29765027756828044,1
113,5,1,0.29806620117000415,0
120,5,5,0.3204012861402149,1
108,3,5,0.16428684327240928,0
99,5,2,0.7831614309236972,1
108,8,3,0.12249786196598922,1
98,4,5,0.6349066591531628,0
92,6,3,0.12384602670581746,0
96,7,7,0.07053563759295656,0
94,7,6,0.9094295036858765,0
75,8,8,0.19012876631870568,1
97,5,3,0.8212501545597043,0
109,8,8,0.5446308711071358,0
98,6,4,0.0778565196087696,0
121,3,4,0.9554481914380675,1
103,5,2,0.24696116699189252,0
121,6,2,0.8596453453526065,0
103,4,5,0.16881000578456418,0
91,6,4,0.8539428821418529,1
91,6,3,0.013228812905293985,1
109,3,5,0.5117804565694807,0
97,5,3,0.7694425794215568,0
106,6,5,0.9347955174927833,0
110,5,4,0.909202136206487,0
91,2,6,0.8196248695476449,0
103,1,6,0.8881913496613041,1
84,4,4,0.1992196858370765,0
93,7,4,0.28418429571172876,1
113,4,4,0.2889685249210585,0
105,6,6,0.3770539310016988,1
83,4,4,0.3933206703851887,1
96,4,3,0.5445553246546755,0
107,7,2,0.15987976336644139,0
83,6,4,0.6912466637859893,0
105,3,4,0.1675665393045065,0
112,5,6,0.31030848210454753,0
99,2,3,0.503345130606154,0
111,5,4,0.7964405615234773,1
105,6,6,0.7394692332387273,0
93,3,6,0.6455343564105223,1
109,4,4,0.15577326058017016,0
106,5,4,0.5470453456155777,1
106,7,4,0.08744650179988545,0
103,9,7,0.37736317679665077,1
113,2,2,0.41351653028995916,0
111,6,7,0.03981143944575383,0
95,4,5,0.2739880994699718,0
89,5,5,0.9556494672664894,0
111,6,1,0.9536326078296895,0
104,7,4,0.3523270542525393,0
104,8,4,0.043100108948324056,0
109,5,3,0.17909493932818155,1
108,4,5,0.39221779343354013,0
127,6,8,0.9477796979692298,0
104,4,5,0.14119906353718492,1
106,5,5,0.7635158436682122,0
94,4,2,0.10868253937469208,0
81,6,4,0.9812575773912768,0
95,4,2,0.381616499109135,1
108,4,5,0.775234538899056,1
108,7,7,0.3425910828111318,1
100,3,5,0.6276688771588087,0
105,5,2,0.19201608474003673,1
98,4,4,0.14602101929696254,0
89,2,5,0.9380641395681313,0
106,2,4,0.9176472779044335,0
83,4,6,0.8874689402128824,0
105,7,6,0.6254334501665935,0
123,4,5,0.8082682112162782,0
98,8,4,0.06903693691137491,0
98,5,3,0.33478904189067915,0
97,5,2,0.3137031247571562,1
115,5,4,0.6356453219526133,0
91,5,4,0.3559577734706405,1
104,6,5,0.1485067816436808,0
113,4,5,0.5964670754135437,1
130,4,2,0.8143839206690815,0
113,7,4,0.3821234944599732,0
108,8,3,0.1322687150984817,0
108,7,3,0.19668819731282305,0
87,5,6,0.23748330516938398,1
117,6,2,0.2998975929945362,0
109,5,4,0.6427950705063091,0
86,5,3,0.600945484537719,1
105,4,7,0.6960798615670392,0
90,5,5,0.36250198453151317,0
80,4,3,0.8239976518799783,0
93,4,4,0.20408766115576027,0
94,7,6,0.46904074751815394,0
97,4,8,0.8009387215414303,0
103,3,3,0.18015864773261925,1
106,3,7,0.10986311374078295,0
109,7,7,0.8836839676879897,0
99,5,7,0.3429296627591959,0
88,5,5,0.683870124909032,1
103,6,5,0.02534860426393848,1
102,7,4,0.6900468884094496,0
95,4,6,0.3161013115469705,1
84,6,5,0.05574085358744174,0
71,6,5,0.609812761548117,0
97,6,4,0.24080381607317325,0
102,3,6,0.38680724205188,0
110,7,6,0.08058081228651359,0
89,5,3,0.14716325109494532,1
104,4,6,0.29797723549584376,0
78,5,5,0.08975950056015713,1
106,2,6,0.9108262646863152,0
106,3,4,0.006047043183978418,0
95,6,4,0.4838602188643114,0
83,0,7,0.12324745813255145,0
101,5,3,0.30767908947794853,0
99,5,6,0.9260595598182655,0
101,2,4,0.16169455327398685,0
83,8,4,0.9658323197183326,0
92,4,4,0.2057943769894217,1
113,4,5,0.7415661084668296,0
90,4,4,0.5466772648973117,0
105,4,2,0.8844787275967592,0
102,1,3,0.5539932555031309,1
90,6,1,0.5345592191563087,1
82,8,8,0.1954580003683999,0
92,4,8,0.16622936205165872,0
113,6,4,0.9164891511155142,0
107,6,6,0.32783819885003407,1
95,7,4,0.37208225496289593,0
113,5,5,0.7598236584283884,0
98,4,6,0.33882348242280735,0
100,4,7,0.9520624466390027,0
115,6,4,0.7379277689988003,1
93,6,6,0.59742924257342,0
116,4,3,0.8808951605447525,0
104,4,9,0.04960590834948275,0
107,7,1,0.25706269218920874,1
106,6,5,0.46503633422090995,1
89,8,5,0.22697853947152102,0
132,6,5,0.7439051873021519,0
112,5,2,0.9192080310537252,1
92,5,7,0.4237701199309234,0
98,6,3,0.34213260011189495,0
96,3,5,0.9615507321375663,0
89,5,3,0.44485243282754083,1
130,6,4,0.4890484004492832,0
105,3,5,0.35164987234190537,1
109,6,4,0.9095484730121384,0
92,5,3,0.5689554832818507,0
89,8,3,0.7621745871816447,0
95,2,4,0.8118067183508864,0
98,4,6,0.3418490419172582,0
103,5,7,0.43369433132038004,0
89,4,2,0.8484717744062646,0
105,6,4,0.36325535167581025,1
112,6,2,0.7939351334518513,1
102,3,1,0.9409923225744371,0
91,5,5,0.623210373068007,0
93,5,5,0.7416272874518889,0
101,4,3,0.8050973120411349,0
74,7,3,0.8450396488966425,1
99,6,1,0.39505333785679597,0
94,6,6,0.05126345917599817,0
75,6,8,0.4018762712367395,1
104,5,3,0.6737562297840898,0
99,7,3,0.4503503857807928,0
100,6,6,0.7489631508603986,0
87,6,7,0.3569824294686639,0
94,7,4,0.6347441411040295,0
90,4,2,0.18641980485397458,1
131,6,2,0.7493694366449569,1
105,4,5,0.5456959688130258,0
113,4,4,0.20406438854660058,1
106,4,1,0.29191117349780726,0
121,8,5,0.7486087085818324,1
100,7,1,0.4826012356615207,0
113,6,6,0.2160314403930722,1
106,6,4,0.9672711903702976,1
91,5,2,0.7151250198168879,0
97,8,5,0.9571348325397961,1
85,5,4,0.4271050453603432,1
113,5,8,0.47510034069172047,1
102,3,5,0.8979552161850192,0
114,6,3,0.5250493402453846,1
95,6,5,0.7072789119056672,1
110,5,3,0.25217287749552997,0
109,2,7,0.44672646870264054,1
110,7,4,0.12344986581035511,0
101,2,5,0.20598003587696168,0
95,6,2,0.000943415267631087,0
97,8,4,0.03926505164866023,0
97,5,6,0.9772838231769293,0
92,4,6,0.2423536951367623,0
91,6,3,0.663310709504002,1
103,6,3,0.8390996987996115,0
103,5,6,0.5506604592365643,0
96,8,7,0.1531445000839562,0
100,2,2,0.7281164373361664,0
96,5,4,0.600251410099583,1
102,6,4,0.7312505893473751,0
103,7,7,0.7697466228570872,1
110,4,2,0.9754103676847451,0
124,6,3,0.57356328002671,0
90,5,6,0.3416411126906018,0
104,5,2,0.6484645569002371,0
96,3,4,0.06844070924262613,0
100,7,4,0.8973973183215863,0
93,3,4,0.11938101133819679,0
110,4,4,0.32784283788581825,1
94,4,5,0.8157453806261209,0
107,7,3,0.5973123783307118,0
97,6,5,0.3936355202774421,0
89,6,6,0.4734356593750214,0
89,4,6,0.8545473932021803,1
106,6,3,0.34000438605989214,0
102,5,3,0.8696496848121713,0
110,7,3,0.08813443097669149,1
123,7,4,0.7767984372086307,0
110,2,4,0.8475476330547363,0
91,6,5,0.18181765283733875,0
103,2,2,0.43034653237220044,0
96,5,1,0.16549977466365562,1
109,4,4,0.7066041289942178,1
111,4,5,0.5353477680616567,1
105,4,3,0.635323346708321,0
104,5,5,0.19648696695621115,0
102,4,3,0.21174586205241952,1
107,6,7,0.04149732550990637,0
91,5,7,0.3220675351957297,0
103,3,4,0.559744661333675,0
92,6,3,0.8579349139973288,0
103,4,4,0.6669274474586807,0
106,5,3,0.43539632339975143,1
98,6,5,0.9531201143941378,1
87,4,6,0.7192452005758319,0
107,3,5,0.93016520286255,0
93,4,6,0.5275879732721657,0
90,7,4,0.2589042747931396,1
91,6,3,0.052826686364721986,0
81,6,6,0.7260848514838505,1
81,6,4,0.12130299800553412,0
92,4,5,0.3027751282719672,0
114,5,3,0.5324709078838974,0
101,6,2,0.5644165877797477,1
95,3,9,0.600583196987136,0
102,4,3,0.16625533034970064,0
99,4,9,0.37973740482164875,0
102,5,8,0.6171942271169667,1
89,8,6,0.9698188646337847,1
90,3,5,0.7276311376996887,0
84,5,5,0.9226037570939578,1
108,4,6,0.762212058314177,0
105,8,3,0.5917169688924004,0
118,3,4,0.19202336913634455,0
97,5,5,0.666685651892513,0
101,6,4,0.6233795659599071,1
101,6,4,0.6024691704572664,1
84,5,4,0.48978586798824075,0
87,4,5,0.5286566039892756,0
109,5,6,0.33444252711810407,1
73,4,3,0.5193126926423032,1
93,4,7,0.19755590567847825,0
84,5,5,0.8051743973603768,1
101,4,6,0.1857769546987078,0
97,4,5,0.08496628988946642,0
103,6,6,0.43624602635715737,1
117,8,1,0.6583074395060619,0
91,5,6,0.43771682493354136,0
86,3,2,0.2767541319513086,0
96,3,7,0.5581711838904407,1
113,8,9,0.34700233541219994,1
109,4,3,0.9328676901266331,0
83,3,3,0.9226451396035721,0
89,5,6,0.5023718199720955,0
104,6,3,0.3278839940182585,0
87,6,6,0.7371324139566391,0
118,4,2,0.03671294348306664,1
103,2,2,0.47476900604365124,0
89,8,8,0.33632339427033353,0
97,4,5,0.9205358851025547,0
96,6,6,0.012003027272682543,0
128,6,4,0.5528148757183491,1
94,5,5,0.740663581066626,0
98,4,5,0.48501798752404124,0
104,4,5,0.08540303016272166,0
103,5,5,0.9724613900279022,0
88,7,5,0.5180104313760979,0
109,8,4,0.6141862443190114,0
79,3,3,0.23660978270750732,0
88,3,6,0.4834980851068038,0
94,7,3,0.42914949195832186,0
106,6,5,0.07489584200198374,0
110,7,3,0.10616035354746722,1
94,4,5,0.8374725196187746,0
101,5,6,0.23981995220659025,0
87,6,3,0.19495827149863054,0
98,6,2,0.5049114512501393,0
96,5,3,0.7687471313625129,1
111,2,5,0.06194651857898792,0
108,5,6,0.5768079196382558,1
97,4,2,0.11921044284057336,0
108,5,6,0.03646105082561846,0
101,8,4,0.05274395216221739,1
125,5,4,0.8341641082084413,0
85,7,7,0.11797248362806156,0
99,4,4,0.04515136441229195,0
85,6,4,0.4378998871429123,1
88,8,1,0.8439934719420248,0
107,3,2,0.26240837648930193,1
96,1,3,0.4217126175259164,0
99,5,1,0.03992253256375122,1
109,3,5,0.4490785141348759,0
106,6,4,0.5776130806371337,1
92,7,5,0.5709070537521448,0
99,5,3,0.33242669217436516,1
105,4,3,0.3155331806631355,0
104,5,5,0.10662361893659789,0
81,6,8,0.3667983206462684,0
88,1,2,0.09949466887296465,0
100,5,7,0.7665959447120516,0
75,5,5,0.9662742977481859,1
107,6,5,0.9700744566667069,1
82,4,4,0.8650710993753938,0
96,6,2,0.6007921493396191,1
95,3,2,0.7008656972438799,0
105,4,5,0.28520580268041407,0
89,7,4,0.6307704201726206,1
105,6,7,0.45564954943987745,0
93,2,4,0.4820173397769325,1
94,4,3,0.757776560375158,0
104,4,5,0.28191835559725165,0
91,4,3,0.3180396116945199,0
103,4,5,0.9246417911286366,0
104,3,5,0.056224294850972245,0
110,5,7,0.4856342984133404,1
102,6,6,0.9128008004078617,1
110,5,5,0.610363007818157,1
87,6,5,0.5464070742121321,0
118,3,7,0.2497441792293552,0
96,8,3,0.34327548906444827,0
98,7,0,0.8520484158046929,0
121,6,3,0.5592181317684581,0
86,6,3,0.5147421937567799,1
114,7,5,0.09957971354002892,0
93,5,5,0.01602815645512312,0
112,4,5,0.9636851886870491,0
117,5,1,0.37698616728684164,0
108,6,6,0.6032130620995043,0
111,6,4,0.07971507318728499,1
109,5,5,0.6831142857230466,0
89,3,5,0.9325667087059609,1
75,4,4,0.5756652529974197,0
87,7,3,0.12611532237541057,0
110,5,2,0.5817215274734767,0
100,5,6,0.7663472131046524,1
107,4,7,0.40641653657401866,1
103,4,5,0.8798377479414679,0
94,7,2,0.6486829533573645,0
106,6,4,0.8992489182892025,0
104,6,6,0.6235053112473372,0
88,5,6,0.13128797200482423,1
85,6,2,0.3096917111051891,0
110,4,0,0.20179494825245692,0
102,6,5,0.9088264977168623,0
103,5,4,0.7604000672874827,0
96,5,3,0.676398368910006,0
101,6,1,0.3009663196316217,0
108,7,5,0.18404477205021352,1
108,3,6,0.7564510879889118,1
125,6,8,0.47415794587907967,0
95,4,5,0.22578955215062912,1
94,5,4,0.6166219781652751,0
98,2,2,0.040333852138451975,0
114,4,5,0.3261702541282535,0
97,5,4,0.46855699459113465,0
106,3,5,0.14795833410940584,0
103,5,4,0.9846544775908396,0
109,7,3,0.20909736458961425,0
102,3,2,0.13035313004326554,1
104,6,4,0.2035348738868964,0
102,5,2,0.7690611331597242,0
102,6,3,0.4255056592718428,0
105,4,9,0.565415939752538,0
93,3,4,0.021009156986360744,0
100,3,5,0.034431308573314556,1
79,3,7,0.44582554982701617,0
109,4,9,0.8166552432016235,0
109,6,5,0.8852388787075652,0
98,7,6,0.08670656759564022,0
95,6,4,0.5383631021010228,0
84,6,4,0.9132296862792705,0
103,3,4,0.38797275439788637,0
104,4,5,0.8295658314283686,0
104,4,5,0.1336956543994362,0
86,4,4,0.9353944896677987,1
111,5,3,0.7514233175313026,0
102,5,5,0.9413343927869017,1
90,4,3,0.6766172335525065,1
95,4,5,0.363403931999427,0
93,7,5,0.9381811725247224,0
94,6,5,0.2755667763091785,0
93,4,6,0.33217252206173253,0
113,7,7,0.7008084180017403,0
90,8,4,0.7653162995253863,1
99,4,6,0.9294034838491538,1
87,4,5,0.2048024090562095,0
107,5,3,0.797998035219224,0
98,7,1,0.7385460533969634,0
108,7,3,0.06379455625359787,1
103,3,4,0.38722314121020696,0
108,5,5,0.2827654570600986,0
124,5,6,0.3044904243540304,1
79,5,3,0.9829468795547008,0
93,4,2,0.6427774134799279,1
116,7,8,0.7176761577934996,0
93,6,2,0.9766176373150092,0
98,7,4,0.3772017824576387,1
81,7,5,0.8018401684528059,0
71,6,5,0.43453096330449537,0
116,5,2,0.8695336718149798,0
101,5,2,0.18065754131130318,0
95,3,2,0.9476861770642796,0
120,6,5,0.21877170841087967,0
98,4,5,0.3262205069809315,0
92,6,3,0.7561922341067805,0
90,4,5,0.3937551415654067,1
99,3,6,0.6082113767664467,1
103,3,2,0.4445735010694285,0
86,1,4,0.7423699370897818,0
91,6,5,0.22833125236861085,0
112,6,3,0.05845798723687701,0
101,5,4,0.29992939747306624,1
112,3,5,0.47430866486843026,1
81,3,7,0.16802005219267857,0
101,2,6,0.3547972896563887,0
99,3,5,0.3999830182935685,0
112,7,6,0.05739184368827355,0
99,4,4,0.5833072481842045,0
104,4,5,0.8843434279712875,1
80,3,4,0.15174291295305242,1
110,4,3,0.597808013401514,0
90,5,5,0.6647392049108463,0
89,5,5,0.41933468041928834,1
108,4,4,0.70109758736427,0
92,3,7,0.41073154349101204,0
67,5,1,0.5046372879774349,0
99,4,4,0.00735304455442698,1
101,4,2,0.6917201141346888,0
85,8,6,0.6613426789447244,0
111,5,5,0.03840087732634456,1
90,5,4,0.3682501073951331,1
93,5,5,0.9790318407916674,1
102,5,4,0.4207365625686168,0
109,5,6,0.5019454051318417,0
117,6,4,0.9099301581597186,1
88,6,4,0.7172618758657564,1
109,3,7,0.5820701311242236,0
87,5,3,0.7978046813410725,0
90,5,2,0.8643662664559733,1
105,7,5,0.45688807173726687,1
98,6,8,0.4751083649318354,0
83,5,4,0.3860509356518358,0
110,3,2,0.9667061400184606,0
104,5,4,0.6971662542903504,0
114,3,4,0.0832230662080723,0
89,4,3,0.8629596233130185,0
102,3,5,0.4805599408362681,0
83,6,10,0.06875390642248747,0
90,4,4,0.549717255163311,0
110,5,4,0.4171642789757021,1
106,7,4,0.8777494048626249,0
99,4,2,0.20399460360938737,0
99,5,7,0.8264646094921829,1
100,5,4,0.5576886911854527,0
95,2,4,0.05461030321346905,1
106,6,5,0.9718453013254846,1
85,3,4,0.5126152441031999,0
88,5,5,0.2908768542315825,1
98,5,2,0.4694068419892581,0
104,6,6,0.857857783517489,0
96,6,7,0.3049031243850635,0
99,4,5,0.19267639648670032,0
104,1,8,0.12907124693088146,1
105,6,3,0.29785939839021125,0
106,5,4,0.7800480870400435,0
89,7,5,0.4716263651952617,0
91,6,5,0.22748160369353998,0
93,7,4,0.1661849996097492,0
106,5,4,0.3327294765103791,0
94,4,2,0.9399243728857088,1
104,6,4,0.3430267125900244,0
113,5,3,0.9881240759546354,1
109,4,6,0.4852304557653562,0
93,7,3,0.17916391829015088,1
105,7,2,0.8911400917935094,1
86,5,5,0.4603553731348269,0
99,3,5,0.7096713435045244,0
101,5,7,0.9837115832091518,1
98,6,5,0.050175350319974,0
93,7,4,0.09669455978756714,1
94,4,6,0.7204567414627562,0
108,3,5,0.281825003295472,0
107,7,2,0.18430139695009906,0
111,5,5,0.039361879819729495,1
113,5,7,0.021846711986201806,0
106,8,4,0.7744856031197909,1
84,3,3,0.13443342736955,1
94,6,3,0.4677206159711509,0
94,3,3,0.605896815179483,0
107,4,4,0.42835180056884625,1
115,6,5,0.027106652336233106,0
105,5,2,0.7835015025879088,1
115,9,7,0.010513224541653488,0
83,5,6,0.761889894377484,0
109,4,5,0.8933044937881227,1
112,4,6,0.4328399210571723,0
103,4,2,0.5355424730977982,0
105,4,4,0.47698339261765377,0
114,3,5,0.3892086186234388,0
100,4,6,0.8874245353703603,0
94,5,6,0.8939335106699905,1
109,6,3,0.3358163646415345,0
115,6,7,0.615069754014698,0
103,6,2,0.9269075621458641,0
103,1,7,0.9620584989413515,0
92,4,8,0.5089590404220475,0
85,6,3,0.4528248052843268,1
100,5,6,0.2786943159285258,1
123,1,2,0.95887187319041,0
107,6,4,0.14281430447286736,0
104,6,5,0.579829576047725,0
92,5,5,0.2825502675186389,0
99,3,7,0.2790082903477966,0
87,6,5,0.40496858737618846,0
99,5,4,0.9987929358156545,0
103,6,6,0.054966306839822066,0
91,6,8,0.5785418182035315,0
91,6,1,0.08257215803527718,1
85,5,8,0.15452082999051897,0
110,3,2,0.4395629417728987,0
100,6,6,0.5104601313464413,0
119,5,3,0.258792408364524,0
83,6,3,0.3164571308744162,1
86,3,4,0.08696702025593306,0
100,4,5,0.3032197838442505,0
100,7,4,0.9665584393805441,0
93,6,2,0.9447073816724817,1
98,7,5,0.334878290136985,0
116,6,7,0.5708539362787616,0
103,5,4,0.9095953911109443,0
110,6,3,0.0061838226408966745,0
104,7,4,0.8106835703375919,0
92,5,2,0.948369552788919,0
103,6,6,0.09132573433355706,0
86,3,6,0.16144768603292103,1
99,5,5,0.9607463027713554,0
86,6,4,0.5375401436403463,0
108,4,6,0.014196634471723701,0
83,4,5,0.25763199876352916,1
120,4,6,0.4499436742688596,0
105,4,5,0.6929089110247677,1
103,4,6,0.7331603781367996,0
104,5,5,0.9954215129254561,0
