StudentID,StudyHours,Attendance,Participation,PreviousScores,ParentalInvolvement,ExtraCurricular,Passed
1,7.49080237694725,75.55398786515859,High,51.95291649364319,Medium,No,Yes
2,19.01428612819832,86.25702842135074,High,93.41290015817046,Low,No,Yes
3,14.639878836228101,96.18837507629225,High,57.244575787934785,Low,No,Yes
4,11.973169683940732,91.96674659228684,Medium,62.06715926536917,High,No,Yes
5,3.1203728088487304,94.1968344358435,Medium,43.48551712482099,Medium,Yes,Yes
6,3.119890406724053,89.76350100132152,Medium,46.690732739276584,Low,No,Yes
7,1.1616722433639892,90.76829693553557,High,70.95171416273969,High,No,Yes
8,17.323522915498703,95.47586954695959,Medium,56.05556060367829,Medium,Yes,Yes
9,12.022300234864176,77.49004026577558,Low,90.12881354453165,Medium,Yes,Yes
10,14.161451555920909,84.68274890929422,Low,40.88160331929723,High,Yes,No
11,0.41168988591604894,76.63628325458807,Medium,62.74564292031617,High,Yes,No
12,19.398197043239886,99.63004023989942,Low,60.24073280614556,High,Yes,Yes
13,16.648852816008436,98.32178019059839,Low,41.15965785505606,High,Yes,Yes
14,4.246782213565523,71.18280434105517,High,47.462103940030616,High,No,No
15,3.6364993441420124,91.16725517547066,Medium,64.81856049511812,Low,Yes,No
16,3.6680901970686763,97.75744952246998,Medium,69.5718750668468,Low,No,Yes
17,6.0848448591907545,75.41726035382001,High,64.25738483529214,Medium,Yes,Yes
18,10.495128632644757,87.03835691657889,Low,71.85626070472563,Low,No,No
19,8.638900372842315,97.46464892764126,Low,75.70790049434089,Low,No,Yes
20,5.824582803960839,71.01837935757396,Medium,40.59542926767014,Low,No,No
21,12.23705789444759,90.9226080174052,Low,67.84570956721024,High,Yes,Yes
22,2.7898772130408367,78.92047022117652,High,97.8099544532553,Medium,Yes,Yes
23,5.842892970704363,97.73188586129591,High,71.14193680777292,Medium,Yes,Yes
24,7.327236865873834,99.13174735496104,Medium,80.65253604753718,Medium,Yes,Yes
25,9.12139968434072,98.32799467340303,High,58.71183147501299,Medium,No,Yes
26,15.703519227860273,84.22642649972391,High,86.43948268916574,Low,Yes,Yes
27,3.9934756431671947,95.86127952967941,Medium,86.3752889125669,Low,No,No
28,10.284688768272233,95.33648195605211,High,71.27776285924834,High,No,Yes
29,11.84829137724085,79.57301419729767,High,98.56082939675281,Medium,Yes,Yes
30,0.9290082543999545,94.86746422452032,High,47.533012885759206,Low,Yes,Yes
31,12.150897038028766,71.11022904146478,Low,41.01685989337486,Low,Yes,No
32,3.4104824737458306,87.8880963544616,Medium,86.20949270542576,High,No,Yes
33,1.3010318597055903,76.9002651186311,Medium,88.42933224189295,High,Yes,Yes
34,18.977710745066666,73.61700657331836,Medium,47.21243374723458,High,No,Yes
35,19.312640661491187,72.30859604887627,Low,55.93496997751636,Low,Yes,Yes
36,16.16794696232922,90.88866327634419,Low,41.05314180199773,Low,No,Yes
37,6.092275383467413,80.19624891304198,Medium,57.598516646833886,High,Yes,No
38,1.9534422801276774,91.74300314586284,Low,86.38851243512029,Medium,Yes,Yes
39,13.684660530243137,71.96069022396827,Medium,71.07763166275474,High,No,Yes
40,8.803049874792027,79.4587101349183,Low,60.88573559009728,High,Yes,Yes
41,2.4407646968955765,86.18473877126011,High,62.30435769437982,High,Yes,No
42,9.903538202225404,93.7216949451689,High,40.08121754292809,High,Yes,Yes
43,0.6877704223043679,79.5625750879621,Medium,57.98803165391415,Low,Yes,No
44,18.186408041575643,88.77674129311028,Low,78.78752449827583,Medium,Yes,Yes
45,5.175599632000338,96.57933244708562,Low,98.45166662898143,High,Yes,Yes
46,13.25044568707964,88.47589564546914,High,90.82364961903397,Medium,Yes,Yes
47,6.2342215217882195,76.98878424260901,High,41.41569787873175,Medium,No,Yes
48,10.401360423556216,70.73202344669615,Low,93.91363628049035,Medium,No,Yes
49,10.934205586865593,96.1029662170279,Low,86.99190479791756,High,Yes,Yes
50,3.697089110510541,70.63808232551162,Low,86.82256741425883,Low,Yes,Yes
51,19.391692555291172,96.24105018052597,Low,67.47974554021428,High,Yes,Yes
52,15.502656467222291,85.86811402081636,Low,63.88031757727017,Medium,No,Yes
53,18.789978831283783,98.17203095538689,Low,58.174943729991554,Medium,No,Yes
54,17.896547008552975,93.96349707320996,Medium,43.941691537261946,Low,Yes,No
55,11.957999576221702,99.93802331600013,Low,53.69412180962195,High,No,Yes
56,18.437484700462335,80.5213544635513,High,54.79621809868148,Medium,Yes,Yes
57,1.76985004103839,93.0156486679338,Medium,69.0446241826121,Low,Yes,Yes
58,3.919657248382904,82.05792740827727,Low,84.84666439580164,Medium,Yes,No
59,0.9045457782107613,84.39626860911727,High,68.4285897038768,Low,Yes,No
60,6.506606615265287,88.8251638965511,Medium,43.47066696682964,Low,No,No
61,7.773545793789641,96.21031342559016,High,97.46738805929223,High,No,Yes
62,5.426980635477918,99.52250407597886,Low,96.56345914564673,Medium,Yes,Yes
63,16.57475018303859,93.04820241593555,Low,87.1113725889045,High,No,Yes
64,7.135066533871786,82.53300346502002,Low,99.47967409385323,Medium,No,Yes
65,5.618690193747615,82.6407100683121,Low,72.66893996801578,High,Yes,No
66,10.85392166316497,92.12746904766675,Medium,97.76610101519236,Medium,No,Yes
67,2.818484499495253,77.16331437304908,Medium,44.53630243700505,High,Yes,No
68,16.043939615080795,73.31422339394184,High,61.940844895682275,Low,Yes,Yes
69,1.4910128735954165,80.6386647292233,Low,53.52287608040595,Medium,Yes,No
70,19.737738732010346,78.61716974962245,High,51.7499850480562,Medium,Yes,Yes
71,15.444895385933147,78.8892436136797,Medium,48.44817693356056,Low,No,Yes
72,3.974313630683448,77.0082325314973,Low,77.34481849395979,High,Yes,No
73,0.11044234247204798,71.26279568909085,Low,86.8793113448383,Medium,No,No
74,16.309228569096682,70.53621804200242,Medium,74.69790396522164,Medium,Yes,Yes
75,14.137146876952343,99.63167169208094,Medium,48.817762575292576,High,Yes,Yes
76,14.580143360819747,82.83319401207586,Medium,88.66742619600825,Low,No,Yes
77,15.425406933718914,81.52979941479045,Medium,78.15728242982371,High,Yes,Yes
78,1.4808930346818072,90.3894184807921,Medium,63.28994236761973,High,No,Yes
79,7.169314570885453,76.54761663595193,Low,80.44781773216377,High,No,Yes
80,2.3173811905025943,98.49883551850675,Medium,55.59429875456997,Medium,Yes,Yes
81,17.26206851751187,93.59035043246656,Low,60.71153250965263,Low,Yes,Yes
82,12.465962536551158,72.68233006936778,Low,95.04915058791941,Low,Yes,Yes
83,6.617960497052984,82.52742327354785,Medium,57.43027034028522,High,Yes,No
84,1.2711670057204727,96.37354922686494,Medium,68.19929608947619,Medium,Yes,Yes
85,6.219646434313244,98.3419606687423,Low,93.40846824376088,High,Yes,Yes
86,6.503666440534941,84.0220453374961,Medium,82.46328101605164,Medium,No,Yes
87,14.59212356676128,88.40234167632123,Medium,43.73219356988216,Medium,No,Yes
88,12.751149427104263,75.01101838276226,Medium,48.83818265673822,Medium,Yes,No
89,17.74425485152653,99.7350587841093,High,40.470495446315006,Medium,No,Yes
90,9.444298503238986,76.9501510415033,Low,77.85530741374981,Low,No,No
91,2.391884918766034,98.28195322405377,High,66.8604055246251,Medium,Yes,No
92,14.2648957444599,89.48939946977106,Medium,48.05649105413653,Medium,Yes,Yes
93,15.215700972337949,88.23210384636577,High,97.47604726340623,High,No,Yes
94,11.225543951389925,85.38065533049526,Medium,71.7795834367372,High,Yes,No
95,15.41934359909122,76.92009435153275,High,54.51359764677335,Low,No,Yes
96,9.875911927287815,75.29584096016525,Medium,70.03621426928245,High,Yes,No
97,10.454656587639882,76.61458627210526,High,80.77721996410646,Medium,No,Yes
98,8.550820367170992,75.59314786432763,High,44.57435307841387,High,No,Yes
99,0.5083825348819038,93.3875342070026,High,56.482228902873516,Low,No,Yes
100,2.157828539866089,80.5037577750019,Low,88.41792945303962,High,No,No
101,0.628583713734685,71.73528029690189,High,67.57989222415968,High,Yes,No
102,12.728208225275608,99.07307890422433,Low,72.7946285219377,Low,Yes,Yes
103,6.287119621526534,96.51357654890276,Medium,65.96896013256816,Low,No,Yes
104,10.171413823294056,97.83256849585639,High,42.63399655858031,Medium,No,Yes
105,18.15132947852186,99.84723467939305,Medium,49.94498678920935,High,Yes,Yes
106,4.985844582977499,75.21685747658462,Medium,66.73249832451346,Medium,Yes,Yes
107,8.207658460712594,81.88726056707976,High,52.551127924475665,High,No,Yes
108,15.111022770860973,92.74715427112274,Low,42.99874171958072,High,No,Yes
109,4.575963309832449,90.88061854161377,High,90.61897984310943,Medium,No,No
110,1.5395981965758598,74.61687719019565,Medium,98.87155174984696,High,No,Yes
111,5.795029058275361,94.47499374971854,Medium,87.58857243980437,High,No,Yes
112,3.2244257450800884,76.73321715509982,High,91.22709530228002,High,Yes,No
113,18.59395304685146,76.71452844467869,Low,54.518627819022726,Low,No,Yes
114,16.16240759128834,86.10923268680241,Low,97.63761853079198,Medium,Yes,Yes
115,12.66807513020847,87.7881980452511,Medium,51.8155422672057,Low,Yes,Yes
116,17.429211803754356,87.40258623513434,Medium,97.08578862170994,Medium,Yes,Yes
117,16.07344153798229,72.74460512193265,Low,99.68915763795707,Medium,No,Yes
118,3.7314011777207168,96.3238258789114,High,82.70336834476292,High,Yes,Yes
119,17.851179969799556,77.96800127766119,Medium,98.86862390750932,Medium,Yes,Yes
120,10.786844838313014,73.88544763848412,Low,74.17238677402622,Low,Yes,Yes
121,16.14880310328125,96.66244239606931,Medium,55.57250699056542,Low,Yes,Yes
122,17.921825998469863,98.6695449468926,High,66.21975313993725,Low,No,Yes
123,6.3600694994372775,95.86382851796353,Low,75.61365612272715,Medium,No,Yes
124,2.201038490553535,94.28548224174634,Medium,44.3848937216209,Low,Yes,Yes
125,4.558703250838834,89.65725941917066,High,77.34059587703476,Medium,Yes,Yes
126,8.542155772525126,86.52572111827418,Medium,98.87067020573767,Low,No,Yes
127,16.36029531844986,72.6096027973423,High,51.406458987023655,Low,No,Yes
128,17.214611665126867,82.25359639212095,High,87.555706977303,Medium,No,No
129,0.13904261062381407,81.18065551036942,Low,94.47392762677717,Low,Yes,Yes
130,10.214946051551316,77.79261351280978,High,96.62209556921326,High,No,Yes
131,8.34822006297558,91.70260341065755,Medium,97.60813626432683,Medium,Yes,Yes
132,4.442156209414605,84.87627205236312,High,71.28757832328832,Medium,Yes,Yes
133,2.397307346673656,72.43138647722944,High,98.63847447949021,Medium,No,Yes
134,6.752303428072559,76.60549605849434,Low,85.43861242806634,High,Yes,No
135,18.858194078250385,90.49776290978788,High,49.700286174217716,Medium,No,Yes
136,6.464058640415105,72.283925784709,High,68.6140063880782,Low,Yes,No
137,10.375812434867322,95.53620742146306,Medium,83.09987052232023,Low,No,Yes
138,14.060379177903556,84.85439581041923,Low,54.840418949145004,Low,Yes,Yes
139,7.27259204758588,84.41759731979944,Low,78.43691101293325,Medium,Yes,Yes
140,19.435641654419214,87.77223353978553,Low,79.99602874279715,Low,No,Yes
141,19.248945898842223,94.74042897775448,High,49.76198462851396,Medium,No,Yes
142,5.035645916507283,80.43427623706579,Low,73.90511874716537,Low,No,Yes
143,9.94497011784771,90.3404845767719,High,86.29761465871647,High,No,No
144,6.017566196335393,86.97195891987373,High,69.93373987215651,High,Yes,Yes
145,5.696809887549352,78.01084810508264,Medium,40.72618700656645,High,No,Yes
146,0.7377389470906559,96.35889959065474,Medium,40.54230814475753,High,No,Yes
147,12.191286679597937,93.92278064820785,Medium,61.42176063820073,Medium,Yes,Yes
148,10.05358046457723,89.75355503975277,Medium,95.57164410590693,Low,No,Yes
149,1.029575024999787,95.51745187282725,Medium,53.72060677621653,High,No,Yes
150,5.572929284732229,96.01882602879407,High,78.06182133230124,Medium,Yes,Yes
151,18.165317719333075,91.25088930145104,High,53.324552241599235,High,No,No
152,4.791237813339448,95.11039985091017,Low,59.300199379572916,High,No,Yes
153,2.897897441824462,90.92414385007851,High,90.88252537608903,Medium,No,Yes
154,9.78905520555126,90.40422315280901,High,83.7316865361968,Medium,No,Yes
155,19.713009082212015,88.55834134645553,Medium,45.723956638792636,Low,No,Yes
156,4.841105430230009,92.58149918672923,High,65.72212125918603,Low,No,Yes
157,13.442710948117572,74.75815315879221,Medium,41.75018581871587,High,Yes,No
158,15.23239230657435,96.42612277596785,Low,68.85340879618053,High,No,Yes
159,4.752750879847993,96.15530583235696,Low,79.74604070206408,Low,Yes,Yes
160,14.564326972237192,70.87741849103678,High,47.11015741588909,Low,Yes,Yes
161,7.355662654385064,94.77450251694287,Low,57.333096334549936,Medium,Yes,No
162,12.646116611871589,73.86609602420336,High,63.87019753012942,Low,Yes,Yes
163,12.670594215217895,80.05356562777426,Low,95.17186147936299,Low,No,Yes
164,10.71549368149517,92.30524768874824,Medium,99.59530092537784,High,No,No
165,1.805795401088166,74.82279688144925,Medium,42.69467793973695,Low,No,No
166,16.70604991178476,94.53901072357186,Medium,85.66047540972352,High,Yes,Yes
167,6.415601299434717,94.96402533873226,Medium,62.30344398414059,Low,No,Yes
168,3.7303702079970846,85.22403201282509,High,63.547491173768805,Medium,No,Yes
169,0.8155028310952783,70.191576151505,Low,85.25589840082137,Low,No,No
170,11.817858863764837,78.61114399524739,High,95.10558592872451,Low,Yes,Yes
171,13.55128723684565,88.50780755127226,Medium,97.0557156701529,Low,Yes,Yes
172,0.33175657855712304,99.43558534082271,High,74.62735516229924,High,No,Yes
173,10.24186116598562,88.95440581050005,Low,61.42726955803017,Medium,Yes,Yes
174,4.529915503958759,77.7941074319248,High,87.25294515152675,Low,Yes,No
175,12.903455808188998,89.02017109298833,Low,55.060082995738014,High,No,Yes
176,3.487328580099829,86.19956139147567,High,73.84444173001106,Medium,Yes,Yes
177,13.81875476204932,93.39536185453431,Low,61.51470769149239,High,Yes,Yes
178,7.734706926010748,73.20941916480875,Low,79.39786442247257,High,No,No
179,18.73459977473469,92.83083707506084,Medium,54.42393477361041,Medium,Yes,Yes
180,2.750418882919865,86.23799736028332,Low,51.49557674408955,Low,Yes,No
181,6.82132702100517,98.88976011576983,Medium,95.09434520052622,High,Yes,Yes
182,2.2694704248117814,80.25616498116058,Medium,46.10822097697221,High,Yes,Yes
183,18.493872365571256,88.97865679401845,Medium,70.3574744640959,Low,Yes,Yes
184,17.54678706761962,97.96084316530053,High,53.251166977780535,Low,Yes,Yes
185,5.158832554303112,73.07529183972038,High,42.335797799540046,Medium,Yes,No
186,13.19968092068358,98.11685461709354,High,42.161129097485585,Medium,Yes,Yes
187,16.344444004024318,90.6365716690244,High,50.51330632634964,Medium,No,Yes
188,11.104016231989247,72.03511177315515,Low,92.00622127036002,Low,No,Yes
189,10.59301156712013,79.02890700840449,Low,56.9487246386216,High,No,Yes
190,4.837045818009034,91.24516265935844,High,97.02755023451775,High,No,No
191,1.8620553561179842,72.02051804406315,Low,74.89733757935161,Medium,Yes,Yes
192,17.944315159066534,87.4651138052882,Low,66.19685138612596,Low,No,Yes
193,18.008361143266608,80.3764917085887,Medium,74.80533008016727,High,No,No
194,12.66202914546536,88.62746553302432,Medium,71.00190311357606,Medium,Yes,Yes
195,6.780595820974014,71.37226101437538,Medium,85.5265752254395,High,Yes,No
196,6.984191492253218,96.14610418457129,Medium,56.949763958371136,High,Yes,No
197,14.519113577404788,99.2046690753219,Low,61.183023496018144,Low,Yes,Yes
198,17.942205199051543,99.06633565857075,High,93.64565815199504,Low,Yes,Yes
199,17.741728485302346,92.48955495228773,Low,96.78739078902433,High,No,No
200,15.597510917152476,73.90258720391896,Low,93.55349364918847,Medium,Yes,Yes
201,12.840632923085755,92.74789587787068,Low,65.16687963743881,Low,No,Yes
202,1.6827992999009767,70.73760749376405,Medium,86.82193018041289,High,No,No
203,3.2325742818922754,70.66370654586991,Medium,68.58014399806592,Low,Yes,No
204,17.971083770541586,79.70830657448624,Medium,69.85239112876613,Low,No,Yes
205,12.128581193191799,84.65929571213996,High,52.28080654343704,Low,No,Yes
206,0.18394103233259296,93.1122225342338,Low,75.46781819551099,High,Yes,Yes
207,2.029430857320642,90.49886129819515,High,51.16815386520088,Medium,No,Yes
208,13.270035382161115,83.37708119130245,Medium,59.89388194403163,Medium,No,Yes
209,0.10123167692437374,78.20879998844998,High,91.3018120971961,Medium,No,Yes
210,3.216161028349973,99.91373500473134,Low,52.424548552651316,Low,Yes,Yes
211,10.974675787331723,82.78543906707918,Low,44.269497110405965,High,Yes,No
212,13.837903953853864,83.54161072989027,Medium,44.14045555676898,Low,Yes,Yes
213,13.039225190052012,74.90871463575007,Medium,96.44707123018648,Medium,No,Yes
214,4.485386189211196,93.84428646249788,High,70.41522627771008,Medium,Yes,Yes
215,14.243584426950717,90.81046677344466,Medium,64.5647243090211,High,No,Yes
216,4.744981749936001,76.62308838366282,Medium,88.6527148604751,Low,Yes,No
217,6.5079939631853545,72.47143136847528,Low,90.14955567463096,Medium,No,No
218,14.929828102360483,90.4149790622414,Medium,59.93146198693628,High,Yes,Yes
219,12.992657980944294,89.63533642843406,Medium,81.6170834484277,Low,Yes,Yes
220,16.98446820988356,78.19778580994628,Low,86.2673689511132,Low,No,Yes
221,13.152257846006867,98.5259068675123,Low,79.27904121195726,Medium,Yes,Yes
222,11.366172066709431,74.53173675342701,High,49.095704488005964,Medium,No,Yes
223,1.8734953565618495,82.97004403127806,Medium,92.55298501102342,Low,Yes,No
224,7.354316061188671,98.30847760502797,Low,72.34567316416053,Low,Yes,No
225,5.304047353634509,82.59181950778367,High,56.94834558220022,Medium,No,Yes
226,4.8797928675816715,89.15577842992256,High,65.51369112626163,Low,No,Yes
227,19.460211095048912,81.92783193888383,Medium,42.25426542393444,Medium,No,No
228,7.861954493335208,78.2264560704601,Medium,47.672008073345054,Low,Yes,Yes
229,17.840931103542268,99.51932943879484,High,85.93280503095164,Medium,No,Yes
230,12.622772519945258,82.28002018945129,Low,40.00069808532197,High,Yes,Yes
231,15.896226070832968,96.82297611037403,High,64.99394970893754,Medium,No,Yes
232,10.052741862103842,76.89863817673259,Medium,71.35061086513531,Medium,No,Yes
233,11.538077692527182,76.3931411207525,Low,43.278065200058336,High,No,Yes
234,9.850353876377278,70.93402248653534,Low,98.38468977833998,Low,No,No
235,3.90485975596089,89.55000476127655,High,53.56751987498032,High,No,Yes
236,14.449042305230106,81.05579031171283,Medium,58.25192317817685,Medium,No,Yes
237,5.615447248817116,95.93074749518911,High,58.23655073530164,Low,Yes,Yes
238,0.4863193286290768,84.19629720074671,High,53.824999727040996,High,No,Yes
239,12.909445918143357,99.04580283744166,High,40.08842932517869,Low,Yes,Yes
240,3.542213588140979,75.56576547109364,Low,83.76068764527977,Low,No,No
241,18.809171687058285,96.05869503866832,Low,98.01072998795712,High,No,Yes
242,19.078571540051747,93.29790558375225,Medium,53.4576089971027,Low,No,No
243,18.29728780440897,93.12765533932156,Medium,79.78283150820535,High,Yes,Yes
244,7.4031740051088875,95.34349684350663,High,84.51377961752291,Medium,Yes,Yes
245,0.30913233057734857,92.83071972828996,High,90.90552274543148,Low,No,Yes
246,18.566371251754507,88.78660964894246,High,65.35775182081655,Medium,Yes,Yes
247,8.563682966346287,73.93734633047163,Medium,58.17585433842575,Medium,No,No
248,19.333096380873393,70.97578538473756,Low,59.517708041381866,Low,No,Yes
249,19.272399541785056,97.6254354344706,Low,82.75727998591077,High,Yes,Yes
250,17.060189109347203,88.49950943562214,High,89.00676799033816,Low,Yes,Yes
251,5.888977841391714,93.89611872928529,High,50.89683806539616,Medium,Yes,Yes
252,7.701954572038505,84.4456705453765,High,62.25646048946591,Medium,Yes,No
253,17.022733430337137,73.51924566887183,High,94.116411804949,High,No,Yes
254,6.338440103125553,73.75557376607651,Medium,88.40161118168436,Low,Yes,Yes
255,3.3898549337218498,90.56695861686914,Low,99.09150416574855,Medium,Yes,No
256,11.136025249167004,82.90917684698388,High,85.25489558092485,Medium,No,No
257,18.72309548321562,76.01574180101011,Medium,63.59171206167534,Medium,Yes,Yes
258,13.92059593349946,84.74783640224311,High,75.43827003967826,High,Yes,Yes
259,11.401223401787298,71.92626811225402,High,79.66085525483922,Medium,Yes,Yes
260,1.9435298754153707,87.45914205743196,Low,44.70734897902744,Medium,Yes,No
261,12.300144533983396,78.06980213305293,High,72.66981754623191,Low,No,No
262,19.801077002085265,93.92677301911564,Low,82.55924970835657,Low,No,Yes
263,2.8016803047304806,79.31085876770722,Low,50.039278240063624,Medium,Yes,No
264,10.366593047274735,83.65660447245403,Low,86.83790304553344,Medium,Yes,Yes
265,17.547461438559107,70.34861619724302,Medium,75.0263668308467,Low,No,No
266,14.815372355084088,72.17340663383676,Medium,97.13330714185568,High,Yes,No
267,13.94031481990536,81.77480669220054,Low,42.5453378924135,High,Yes,No
268,14.049681679742186,84.3981650415137,High,55.919568253328016,High,Yes,No
269,7.189823024395103,88.0006164435791,Low,76.09323275798944,High,Yes,Yes
270,5.871836885289867,78.74987736127909,High,57.79359473235584,High,Yes,Yes
271,16.187223109570272,90.84945658379627,Low,82.86544984427454,High,Yes,Yes
272,16.202267893583617,95.80367191567613,High,85.54031695131586,High,Yes,No
273,17.341446371602075,93.3955296668005,Medium,46.150957843988465,High,Yes,Yes
274,18.264811051129428,71.18856476045072,High,70.83126785240606,Low,Yes,Yes
275,10.226847977218757,84.41520841773487,Low,70.53343333546336,High,No,Yes
276,10.030325893743992,73.14790535254525,Medium,62.156846212932464,High,No,Yes
277,15.965903579335503,77.26135047587583,High,95.97549175418033,High,No,Yes
278,12.999278615555303,99.59987779801439,High,89.65037919239327,Medium,Yes,Yes
279,14.039337545154067,74.2748662870454,High,81.8325629145782,Low,Yes,Yes
280,15.91585338872202,84.96664460354069,High,82.85959814409986,Low,No,Yes
281,17.800106836351326,88.54467202954358,High,67.70296862878715,Low,Yes,Yes
282,6.759903137030716,91.07394911632312,Medium,95.25967126579455,High,No,Yes
283,7.51165905279888,86.78946050460742,Medium,81.67572563519713,High,Yes,Yes
284,1.87963879681738,70.29312542257551,Medium,83.738863699349,Medium,No,No
285,11.56560281992348,79.79383924731975,Medium,91.70145422724072,Low,No,Yes
286,0.7188454759348417,85.53134930154134,Low,56.444295360531456,High,No,No
287,9.311960362649202,72.635994974345,Medium,88.42425423200217,Low,Yes,No
288,10.852892694151532,80.51880793627542,High,51.71443617738952,Medium,No,Yes
289,5.730825042565688,70.996093263741,High,60.72051713469327,Medium,Yes,No
290,11.816665211380215,72.35735491465063,Medium,60.136627256190565,Medium,Yes,Yes
291,0.6100049987809886,81.90769828604789,High,98.71152810334843,Low,Yes,Yes
292,0.7469637749842883,73.98147262129181,Medium,91.39223342487561,High,Yes,No
293,16.452011213193167,87.02622544784674,High,82.07019169541559,High,Yes,Yes
294,7.203812828225258,90.68394907411798,Low,83.62340569692341,Medium,Yes,Yes
295,2.5412102530376957,94.0176009732725,Low,73.72436766415427,High,Yes,Yes
296,10.444865201096087,76.0045073273443,Medium,96.82544002651115,Medium,No,Yes
297,15.399871061972217,75.02447746777209,Medium,69.77552517294168,Low,No,Yes
298,4.316420549936863,73.13703521003201,Medium,62.831062592193675,Medium,No,No
299,12.457809516380005,89.0929074863091,High,49.78212021589546,Low,Yes,Yes
300,1.70694929987536,91.19427179460703,Medium,87.17233913566348,Medium,Yes,Yes
301,1.033634423372154,70.94758434476927,Low,84.06663592453549,High,Yes,No
302,10.62709263136296,98.0863673873107,High,63.06130231144809,High,Yes,Yes
303,10.81270243220213,71.55913850954417,Medium,41.51160483755376,Medium,No,Yes
304,12.748598029964132,86.23889005903212,High,90.33983966308065,High,Yes,No
305,14.52182667445323,91.27181558352748,High,40.68507900724442,High,No,Yes
306,19.51704158925069,96.12907371238256,Medium,82.22198677774306,High,Yes,Yes
307,10.326006966023906,91.42260796397284,High,98.21542658356341,Low,No,Yes
308,6.459129458824919,94.05184249209375,Low,66.2596796888922,High,Yes,Yes
309,15.903723895374073,80.18350577628418,Low,54.09840429975716,Low,No,Yes
310,5.416645025241484,94.44475341239537,High,82.29226060260291,Medium,Yes,Yes
311,8.779428414112722,72.40344539154026,Medium,89.0276885209351,High,No,No
312,1.5691276268453191,96.84449968181583,High,72.78581896467084,High,Yes,Yes
313,0.5070148683091502,86.42777128461209,Low,98.02211651536877,High,No,Yes
314,19.252968293558503,94.51893309887481,High,43.100123299477666,Medium,No,Yes
315,16.719602410244118,83.569548535549,High,70.28773589827169,Low,Yes,Yes
316,13.91948412187396,89.30733085589574,Low,83.107236839353,Low,No,Yes
317,8.179058888285397,85.7920798280834,High,91.75842826895074,High,Yes,Yes
318,3.4658864014169155,91.94768565265996,High,50.755336714467404,Medium,Yes,Yes
319,3.128740853421721,72.44889946091769,Medium,88.00020890582088,Medium,Yes,Yes
320,5.004857963291906,71.81056251971691,Medium,73.1624245431127,Medium,No,No
321,10.984533294122409,77.41309702030439,Low,63.7932209193978,Medium,No,Yes
322,14.291918454001246,74.78634040339566,Low,47.90290171474561,Medium,Yes,Yes
323,13.203947534354626,96.15350699776604,Low,91.91774553453475,Low,Yes,Yes
324,5.598677938918857,76.57641962074133,Medium,49.43639249078292,Low,No,Yes
325,19.09730561326388,99.27595767457393,Low,58.58727155254596,Low,No,Yes
326,14.75793833391537,80.1068737531332,Low,57.40273191774621,High,No,No
327,11.087081050228013,75.46353747066098,Low,92.28484205145125,Medium,Yes,Yes
328,12.234414924687044,93.69095521427437,Medium,80.36217965253388,High,Yes,Yes
329,8.392001248555799,89.76123326502628,High,87.80088383148234,Medium,Yes,Yes
330,4.954619790023149,84.94587149359417,Low,55.02807392754994,Low,Yes,Yes
331,7.119453573025232,86.66090652812893,High,77.49244597641993,High,Yes,Yes
332,15.156922209287382,91.57605334816792,Low,74.30475898862491,Low,No,Yes
333,0.28786977259511737,76.85364223993896,High,89.96982260729627,Medium,Yes,Yes
334,2.3214528101383247,99.89001748170226,Medium,94.36522362887564,Medium,No,Yes
335,0.920052840435055,99.2437948644035,Medium,40.72940628864321,Medium,No,Yes
336,0.8145760463794027,89.50977059040811,Low,80.44119514352755,Low,Yes,Yes
337,17.109211680220145,75.98627352787436,High,43.11014794718374,Medium,No,Yes
338,14.073157187600474,90.40684727293873,Medium,72.93151990464136,Low,Yes,No
339,9.483476581746505,72.16595226937528,Low,57.25796374262069,High,No,No
340,1.9566832130200296,70.91957506617418,Low,58.40659597132847,Medium,Yes,Yes
341,9.832317502336647,77.7304866553364,Medium,61.177510207141395,Medium,Yes,No
342,9.469435415611313,83.87868870217949,Medium,77.27754694297661,Medium,No,Yes
343,3.4640373982003037,96.04817516225141,Low,60.042997940126156,High,Yes,Yes
344,8.67703298475946,91.81507209298924,High,83.96194303541682,Medium,No,No
345,7.970094687947469,92.28119563599944,High,64.27164313443218,Low,Yes,Yes
346,12.31700196104433,82.76480003344226,High,44.101192018597516,Low,Yes,Yes
347,12.701873017352876,80.37804977640889,Low,87.02559054904643,Medium,Yes,No
348,0.9060801954408904,81.13116288953807,Medium,57.14549947556236,Medium,No,No
349,7.492252292529424,99.62948691208173,Low,65.96601277595576,High,No,Yes
350,12.517198314284727,71.20327574237447,Medium,81.12663299331409,High,Yes,Yes
351,10.062725171601754,96.01094488367346,High,59.94736942892272,High,No,Yes
352,17.129796823766444,87.3602622571718,High,43.39513936880294,Medium,Yes,Yes
353,13.1738726323789,83.15846257568771,Medium,62.43526282076881,High,No,No
354,3.258688541628594,91.7577298124541,Medium,96.66691496165821,High,No,No
355,1.4113749480085969,84.60006824274109,Low,78.50406383791349,Low,Yes,No
356,12.848385564126312,96.20269714244982,High,80.28874892003242,High,Yes,Yes
357,0.5302262108324363,97.02105592033776,Low,77.9369292182584,Low,Yes,Yes
358,11.715511625469265,82.65162780620366,Low,51.93952833756621,Low,Yes,Yes
359,18.80460482849915,78.30483391705155,Low,65.1000318461368,High,Yes,Yes
360,11.50948355751758,87.77050985780087,High,85.0563879017991,Low,No,Yes
361,7.763398524130438,97.37090036850073,Low,46.08237385318955,Medium,No,No
362,12.865764368847064,76.31986567017,Low,56.671166565382734,Medium,Yes,No
363,9.165057809830333,88.68899750690449,Low,56.579146507951215,High,Yes,No
364,10.9123357863187,88.94680660277561,Low,65.92113565567035,Medium,Yes,Yes
365,18.8292961755305,91.99339067245843,Low,98.8221244565311,Low,No,Yes
366,7.722052756015485,73.9470305538178,Low,44.05015280102931,Medium,Yes,Yes
367,19.223811276478283,91.47474894046266,High,71.12205966283571,High,Yes,Yes
368,18.107012839121275,97.27097561996924,Low,50.76188092073263,High,No,Yes
369,3.915822695785929,75.39049326610726,Medium,98.24059272458464,Low,No,Yes
370,1.387226017503309,77.12629974771633,Low,46.798210283647855,High,No,Yes
371,2.015560027548533,99.14185282124919,Low,64.21606014169548,Medium,No,Yes
372,0.36443651303099456,75.42930858128469,High,84.27309909007637,High,Yes,No
373,1.888859215118568,95.63155280108737,High,82.27326568164672,Low,No,Yes
374,13.660135468327137,84.76833569344105,Medium,65.36371821363593,High,No,Yes
375,1.4237729692045797,77.4169322320953,Medium,60.79145007716309,Medium,Yes,No
376,6.379512605875226,96.12249703817534,High,63.85674271317224,Low,Yes,Yes
377,16.89750621938909,83.35915765007996,High,55.85657578951836,Medium,Yes,Yes
378,0.4654387147165173,85.4445206178907,Low,52.31997632240799,Low,No,No
379,16.289369651778717,80.77700108199298,High,68.9823818535334,High,Yes,Yes
380,5.637095495467999,87.78852554304783,Medium,56.112025364056436,Low,No,No
381,2.363296552433125,74.90571617755069,Low,57.247699893835005,Low,No,Yes
382,13.934743307283012,81.73244609955282,Medium,79.40536380847342,High,No,No
383,12.57885693559768,99.08236967005863,Low,98.11223990199353,Medium,Yes,Yes
384,17.54944027054106,77.74400298103383,High,76.21823203356251,High,No,Yes
385,14.701420876077716,89.70209993623877,Medium,44.61876802389798,Low,Yes,Yes
386,16.06961860769697,79.75570192674084,Low,44.53501683124402,High,Yes,Yes
387,5.64069145142613,93.20419377059802,Low,97.08539325073396,Low,Yes,Yes
388,3.5487908755944564,73.9262098215505,High,57.83744741844002,High,No,Yes
389,15.012295032817168,99.09463135235634,High,45.52401916494853,High,No,No
390,16.13669478534528,83.61368624150919,High,75.9426752290229,Medium,No,Yes
391,19.810102840013467,77.08151390039392,Medium,77.41892669741597,Low,Yes,Yes
392,8.25235353822853,72.20490241990038,Low,78.91028920712128,Medium,No,No
393,7.440361715855664,75.09273715262623,High,56.04412167145248,Low,No,Yes
394,15.528259214839936,85.59321845668053,Medium,40.9066410528685,High,No,Yes
395,6.816070805060357,80.11009529293858,Medium,97.9009221672683,Low,No,Yes
396,18.615146512071295,94.86650097647828,Medium,55.05358274146615,Medium,No,No
397,17.168255036860238,82.92662570985418,High,80.56157728315284,Medium,Yes,Yes
398,8.579880547500366,77.4614281776289,High,82.39779219272258,Medium,Yes,Yes
399,15.017421355829947,88.5143495981209,Low,76.60044502476914,Low,Yes,Yes
400,15.090857481693646,91.20331650656337,Low,58.77444365281889,Medium,Yes,Yes
401,2.062477376718652,75.0112572370285,High,56.265775225843946,Medium,No,No
402,18.051058133591333,75.02857648864953,Medium,75.86009696216219,Medium,Yes,No
403,10.105047448957142,71.10014280800628,Medium,91.9657380167015,High,No,Yes
404,16.529149322154833,92.09206045196922,Medium,96.80402373540373,High,Yes,Yes
405,6.400992020612235,89.91413582865415,Low,46.35434826422546,Low,Yes,No
406,17.91046456992401,84.23892627249441,Medium,49.28971675586319,Low,Yes,Yes
407,7.784033574683262,95.32511346907592,Low,96.68417552698477,Medium,No,Yes
408,0.2167530296059672,94.1701045885016,Low,84.19211370008756,High,No,Yes
409,18.107639528385274,87.56063093190257,Medium,92.97962948978639,Medium,Yes,No
410,1.8257335357226712,96.04813841539776,Medium,52.15795804812059,Medium,No,Yes
411,6.386272751808297,76.17523630110304,High,75.25515226656411,High,Yes,No
412,19.0012393410161,73.35758858193184,High,82.06837566504842,High,Yes,No
413,19.012142938751122,78.0924883455097,Medium,80.80671312681835,High,Yes,Yes
414,11.468757762465723,71.71260568267945,Low,64.48910145200189,Low,No,Yes
415,12.636744243395984,85.93508584003096,Low,40.92369350147851,Low,Yes,Yes
416,8.968910439566395,98.09817076884885,Low,74.9755634082558,Medium,Yes,Yes
417,5.864215433961291,71.18030622005529,Low,55.186092350776526,Low,Yes,Yes
418,6.573290907398319,73.66329742030081,Low,67.01525476857341,High,No,No
419,13.450369121540769,83.56597084850306,High,97.45486090502904,High,Yes,Yes
420,15.0474905887536,98.01625052583715,Medium,63.94211905854608,Low,No,Yes
421,15.83158087451697,79.48468314930251,High,90.3880963998656,Medium,Yes,Yes
422,15.792362855891078,85.21704426065178,Low,51.31243634495507,Medium,No,No
423,1.8241220609738074,71.24718577151177,Low,80.34762988150173,Low,Yes,No
424,9.888406094051629,74.45029602886267,Low,98.6204172663366,Medium,Yes,Yes
425,1.1511752003328857,99.5989036887654,Low,46.113586052376206,Medium,No,Yes
426,10.99057764647471,98.95356089308137,Medium,40.49919653363152,Medium,No,Yes
427,8.83061002746754,70.14819942803229,Low,66.01496755795687,High,Yes,No
428,17.754083655165996,98.55435356269717,Medium,45.55752898308203,High,No,Yes
429,7.018300251041573,89.17359813446501,Low,84.90306098057388,Low,Yes,No
430,2.3413403285521173,96.03754883560066,Medium,94.87291983091353,High,Yes,Yes
431,2.859833641056717,83.64219566901578,High,66.04125836252553,Medium,Yes,Yes
432,15.230212634349446,85.46788085737751,Low,55.52269852932646,High,No,Yes
433,12.364361266325222,84.6653974077076,Medium,66.06419914039658,Low,Yes,Yes
434,2.022453522455805,90.00592772638313,High,83.40686907100006,High,No,Yes
435,1.6821361222999487,74.18953764268939,Low,40.54324969482226,Medium,Yes,No
436,14.019382629182399,70.89920769618034,Low,75.36723936908183,Medium,No,Yes
437,1.4552601272838706,79.23789824773573,Low,76.79750109324274,Low,No,No
438,16.437201185807126,91.1404228820994,Medium,78.26129481375614,High,Yes,Yes
439,14.124844543129925,76.05560356368845,Medium,54.52132479885263,High,No,Yes
440,1.6269756128379953,90.20297299974752,High,82.84316340268761,High,Yes,Yes
441,1.6967542817038384,99.09736138321811,Medium,45.483489179906584,Medium,Yes,Yes
442,19.732791570023508,72.81702147368256,Medium,51.95622018800805,Low,Yes,No
443,7.485415915122406,90.17806354675379,Low,92.64820279926892,High,Yes,Yes
444,7.412842941337818,83.31250657913714,Low,84.32338904359398,Medium,Yes,Yes
445,16.25599134515005,96.04426763132517,Low,40.824733240680715,Medium,No,Yes
446,18.944971547677174,75.31449368342157,Low,54.90257562218801,Medium,Yes,Yes
447,19.720021276457416,90.77877856678494,Low,52.864388979589876,High,No,Yes
448,15.067563705178832,95.1434586894433,Low,56.248379682218356,High,No,Yes
449,7.525191710618316,98.3384265842207,Low,54.85358621679318,High,Yes,Yes
450,1.6700143339733753,90.49744084868938,High,43.751577744570746,High,No,No
451,15.542938318548735,84.91524292025282,High,67.53643099580921,High,Yes,Yes
452,11.1680849947161,88.53541720603641,High,83.9640084871699,High,No,Yes
453,8.484440184939526,96.06714953436155,High,76.40390348304618,High,No,Yes
454,18.12708770189472,87.11829239916489,Low,80.37230011588478,High,No,Yes
455,2.223949646123027,70.91161179090511,High,44.86895071217435,High,Yes,No
456,9.852502085817182,97.92846086520933,Low,97.08944261060724,Medium,No,Yes
457,0.22707289534838138,90.68580253094683,High,90.30951003058149,High,Yes,Yes
458,9.373212839882525,90.29540157331739,Medium,88.30541910973976,Low,No,Yes
459,1.126065513636747,76.47025457193152,High,89.37902830250604,Medium,No,No
460,2.3763583253614384,89.76656410697971,High,95.96263048796568,High,No,Yes
461,2.3505249355420976,81.81593216962476,Low,72.65523796682186,Low,No,Yes
462,12.984206042321272,89.53698931124477,High,52.016921072057556,High,Yes,Yes
463,14.920897585308467,73.19779090923973,Medium,77.00701647115247,Low,Yes,Yes
464,11.667375301943192,89.73535913809108,Low,84.57288962007634,Low,No,Yes
465,19.243450969490837,99.98241177311999,Low,84.27504360124152,Low,No,Yes
466,7.497411590474082,71.44636116581668,High,71.2869414500128,Low,Yes,Yes
467,5.714241725637215,99.31522552663952,Low,44.10752316001468,Medium,Yes,Yes
468,17.371982563789206,82.20723882168612,Low,62.26677630580767,Medium,Yes,No
469,4.471916770389052,96.12260351011777,Low,95.24599650780144,Low,Yes,Yes
470,19.264450788812226,93.4715645217482,Low,75.06693458544555,High,No,Yes
471,0.24308949379632683,87.01048782960004,Low,72.29991659534281,Low,No,No
472,19.39757653415278,92.1534762775398,Low,56.13121086293161,Medium,Yes,Yes
473,0.8631982390115223,96.35546683904043,Medium,62.10693519499473,High,Yes,No
474,17.822862273961423,82.124209649531,High,93.72076534919016,Medium,Yes,No
475,10.554022181725998,79.81099484689716,Medium,79.98778285161015,Medium,Yes,Yes
476,19.859295922386007,90.02780156690754,Low,87.24322160513998,High,Yes,No
477,1.4759312947079772,94.23537825823776,Low,67.2607253840593,Low,Yes,Yes
478,11.077085688026415,92.86855404329847,High,77.81483316736947,Low,No,Yes
479,19.38605071238198,93.93440946575903,Medium,54.90301652459245,Low,No,Yes
480,10.461956883402976,83.06749944438799,High,82.32764981700917,Low,No,No
481,12.58797276270525,94.53502648525065,Medium,65.65608002220024,High,Yes,Yes
482,13.914973779692343,73.60627166111826,Low,66.55273088888474,High,Yes,Yes
483,9.090821295355465,86.33467293882549,High,78.9593394746129,High,Yes,No
484,12.551161601681269,70.17275981494365,High,96.1768372881356,Medium,No,No
485,11.686286238462005,79.7375748970081,Low,43.84038079651725,High,Yes,Yes
486,18.02316020981978,80.99384604614194,High,89.48459424082046,Low,Yes,Yes
487,0.9089276068291574,81.88518074827766,Medium,57.54298662473158,Medium,No,Yes
488,5.619263791844606,90.86401620069586,Medium,66.63516727038267,Low,Yes,Yes
489,19.008229681531176,81.65674303811038,Medium,41.31479972650054,Low,No,Yes
490,17.805275677818326,83.46080867867592,Medium,58.06276467005878,High,No,Yes
491,9.11313505571426,77.12632392622983,Low,70.15787455780783,High,Yes,No
492,12.402651956030734,81.19755374888021,High,43.37056464084634,Low,No,Yes
493,5.547623659622653,76.81808881789455,Medium,69.46574376298992,Low,Yes,Yes
494,3.762423194475226,72.1958777130533,Low,95.62663773150564,Medium,No,Yes
495,9.273968098799642,88.10345780144134,High,46.323593086468314,High,Yes,Yes
496,7.067044560521056,90.04638395665049,High,85.86644368453025,Medium,No,Yes
497,11.673122237017441,88.58471038028844,Low,64.58026320255956,Medium,Yes,Yes
498,1.5546927392996968,83.90482131401717,Low,79.31042287146028,Medium,No,No
499,19.48789615332333,81.3935734053769,Medium,55.614195879113765,Low,No,Yes
500,19.72421488959206,95.90000948715476,High,49.5695357524815,Medium,No,No
501,13.963234280394904,85.57245355408654,High,49.627756856273585,Medium,Yes,Yes
502,10.721927326882408,84.37545632889193,Low,44.22951673858868,Low,Yes,Yes
503,6.190552325726555,70.76926197419307,High,51.13880229407458,High,No,Yes
504,16.275900394138972,80.23743482878469,Medium,79.8531630993381,High,Yes,No
505,13.694623451077586,81.40586856357571,High,92.90143671061048,Medium,No,No
506,3.252338786897826,81.96468342690702,Low,88.84754113546971,Low,Yes,No
507,18.21854368987685,87.40517107681997,Low,81.10805859246904,High,No,Yes
508,16.45074485846338,86.00807640180635,Medium,46.62591180466616,Medium,Yes,No
509,18.99599826583848,88.23715278380334,Medium,57.35124677775699,Medium,No,Yes
510,14.5143901677672,92.94649784626385,High,58.58841251934814,Low,No,No
511,12.268303918715798,94.3895721614828,High,54.997416783857275,Medium,No,Yes
512,8.364860725812377,91.54369228679484,Low,70.90033958258338,High,No,Yes
513,18.654569667080267,98.66571087864804,Medium,72.13322889278035,Low,Yes,Yes
514,17.321277790008168,70.54697748029085,Medium,61.41315851026661,High,No,No
515,0.9043734021237881,75.87333957050639,Medium,61.22734952418616,High,Yes,No
516,0.5273394899450401,70.22688624934426,High,89.71333587436487,High,Yes,No
517,7.5292673375609915,89.4242414246381,Medium,87.35757089918113,Medium,No,No
518,16.211066615636657,96.94091646849961,Low,58.46774990084474,Medium,Yes,Yes
519,19.74552258629889,77.30446889728898,Low,94.82730663239556,High,Yes,Yes
520,3.0083378220705637,97.8110363438892,High,97.16890102015037,High,Yes,Yes
521,11.882614307042703,71.80802170868682,High,59.60455252180245,Low,No,Yes
522,7.617817132620431,98.03308080416542,Medium,61.26549692758329,Low,Yes,Yes
523,19.398287956292066,80.54868061718904,High,70.33804920531753,Medium,Yes,Yes
524,16.842378462714173,73.0426248534765,Low,96.46724875202041,Medium,No,Yes
525,16.766574094222758,84.57615277558978,Medium,92.57916598853869,Low,No,Yes
526,9.373863195899405,77.70329703161524,Low,46.154077755015386,High,Yes,Yes
527,8.296390046753304,78.54618705885768,Medium,63.56384459628497,Medium,No,No
528,5.468141438614125,79.2186989477886,High,73.20227138498632,High,Yes,No
529,1.1275099330185423,94.0907769349799,Medium,70.1879483530924,Low,Yes,Yes
530,17.294447525101063,86.17483830025763,Medium,51.63178407621356,Medium,Yes,Yes
531,16.258020182601552,79.3392309746801,Low,91.52900627008928,Medium,No,Yes
532,19.99435346572261,88.31001349932755,Low,80.61644697981023,Low,Yes,Yes
533,19.93273674147811,91.4845202266958,Medium,90.27450249110822,Medium,No,Yes
534,11.108634112052549,78.17872002200602,High,91.52585676096834,Low,No,Yes
535,15.37974830361021,82.40647304576055,High,84.90135121994439,Medium,Yes,Yes
536,18.89531459764856,73.65658280010842,Low,66.35263607498304,Low,No,Yes
537,16.99294781354823,75.43448048604041,High,76.63280530092547,Medium,No,Yes
538,4.946962034863953,90.43353561894949,Low,49.62192436718459,High,No,Yes
539,9.01088270620187,75.44315043086881,High,80.41872504849445,High,No,No
540,2.5831883030298997,85.7549015100118,Medium,50.75519534435685,High,No,Yes
541,19.081020545174447,91.27138785167298,Low,81.63697543060941,Medium,Yes,Yes
542,12.123492689017601,73.20630769284232,Low,53.775889645238124,Medium,No,Yes
543,4.572856110069255,87.01936658886711,Medium,47.0530780090132,High,Yes,No
544,13.434013688117135,77.69688351104091,Low,49.91706940857745,High,Yes,No
545,12.362564809157917,98.8878062571274,High,40.11952811314421,Low,Yes,Yes
546,7.1632543606568095,84.50636940159774,High,83.12437707121182,Low,Yes,No
547,2.2711518439925804,94.17977649325474,Low,83.94406294350274,Low,Yes,Yes
548,13.431463911855992,86.50679626468785,High,70.89600099479557,High,Yes,Yes
549,10.406154018075867,71.30237598564457,Low,49.68176806332302,High,No,No
550,15.446367834712786,88.99454126782067,Medium,45.01326025064139,High,No,Yes
551,10.403270022239868,98.54210026619971,Low,41.14773798623722,Low,No,Yes
552,17.0436300063708,88.04835460438994,Medium,49.944890617913245,Medium,Yes,Yes
553,11.038136775489711,94.57566578280371,High,93.45133209898881,High,No,Yes
554,11.218759430707726,96.52619390045223,Medium,54.4922105021009,Medium,No,Yes
555,17.5330720531669,76.84239315846797,High,61.25627963303294,Medium,No,No
556,8.069657324247942,76.3613451972468,Low,46.32072906887999,Medium,Yes,Yes
557,2.6803045690128147,88.32942966552974,High,53.34167828489022,Low,No,No
558,0.5756535262667795,82.33085409420114,Low,71.15347424681231,Medium,Yes,Yes
559,15.10274511347238,95.19583908600161,Low,76.46516098573915,High,No,Yes
560,12.406191027069294,97.00069370194034,Medium,54.72113884997266,Low,Yes,Yes
561,14.081595361984471,80.60264137908155,Medium,43.46392955350703,High,Yes,No
562,4.259283230178214,77.10611676923446,Medium,63.46197214764392,High,Yes,Yes
563,2.7274295117353953,93.41576545731586,Medium,54.05220225558005,Low,No,Yes
564,0.29089331335763857,78.24418106644409,High,53.17323539378812,High,No,Yes
565,7.0117511761319395,94.67842955541035,High,97.59176816280731,High,Yes,Yes
566,11.798353737092661,82.71214760946289,High,76.97802915554345,Low,No,No
567,7.844880901994646,90.02649697874412,Low,73.41270659032575,High,Yes,Yes
568,8.749498440474582,72.86605941504004,High,64.94650621139931,Medium,Yes,Yes
569,18.083173889874967,88.7157797402972,High,65.73666000580866,High,No,Yes
570,6.965109340466007,83.55303036211687,High,72.45430023028484,Medium,No,No
571,10.279789783196216,87.59825389526422,Medium,81.78578842216643,High,No,Yes
572,15.673060254822861,75.04042623234591,High,82.12876577090977,Low,Yes,No
573,7.930855646425403,92.10621234832547,Low,50.30163446232697,Low,Yes,Yes
574,12.44173400455747,95.88391232629685,Medium,70.00676512459762,High,No,Yes
575,17.247274174934905,76.50219400272327,Low,64.71748570204612,Low,Yes,Yes
576,18.990412473152844,72.87143666560485,High,92.23161797616305,High,No,No
577,2.9414696185807587,70.70915758139009,Medium,77.88513527310258,Low,Yes,No
578,18.53175250322989,89.25914501329798,Low,71.95024398495892,Medium,No,Yes
579,9.842325861590764,88.21282108266342,High,46.923678530735046,High,No,Yes
580,5.1648877659791665,86.4009223814221,Low,76.3382733594047,Medium,Yes,No
581,9.182715124765226,76.95841288347927,Low,47.03223434081401,Medium,No,No
582,19.600651505709543,81.72717987716544,Low,60.232394533945126,High,No,Yes
583,9.852361879857392,87.8342900555852,High,48.57051788885991,Medium,Yes,Yes
584,6.575032205750164,84.90300576577508,High,81.52441882146213,High,No,Yes
585,12.668017086334515,99.63356560644662,Low,52.37512683016916,Medium,Yes,Yes
586,4.802912375563862,74.093192576702,Medium,63.51156239128156,High,No,No
587,1.5172665621732784,90.85433662142782,Medium,93.74048665712672,High,Yes,Yes
588,2.5775944382129845,82.12956304312877,High,52.25898300393822,Low,No,No
589,2.560916779155449,82.84598844776845,High,70.46830383752675,High,No,No
590,3.038053870245887,91.52793296974528,High,65.15629966996133,High,No,Yes
591,2.7765434529882027,90.77308453973109,High,41.08744246274378,Medium,No,Yes
592,12.817494896064293,99.73767981106565,High,87.56548681436877,High,Yes,Yes
593,3.6376016879828965,73.85182868362375,Medium,44.142754378875985,Low,Yes,No
594,6.913345666477264,73.12328948152499,High,68.45530125861721,Medium,Yes,No
595,17.935768198120236,91.73016451386223,Low,73.640697696337,Medium,Yes,Yes
596,9.479232805257446,87.35160751019228,Low,77.70558739687522,Low,Yes,No
597,13.351154770420543,78.22481999679418,Medium,81.31789775847253,Medium,Yes,Yes
598,3.4463974240325967,72.3825810696696,Low,55.196343011362906,Medium,Yes,Yes
599,3.8457803761734155,72.56974748789291,Medium,40.59872659950696,Medium,No,Yes
600,0.8173723253295773,96.82572623992354,Medium,83.40661974129472,Medium,No,Yes
601,3.378701261443291,75.75601974156228,Low,72.13939596085471,Low,No,Yes
602,5.5718067806391725,79.70114686346562,High,90.16706219243493,Low,No,No
603,3.5402096855349363,76.79969206680964,Low,89.28330177404166,Medium,Yes,No
604,1.7740506751411123,80.64988917495812,Low,90.59957006727299,Medium,Yes,Yes
605,2.412717422012016,72.08271528238281,Medium,69.10567959877241,Low,Yes,Yes
606,9.215575360654515,85.5717937272481,Low,60.017703750211936,Low,No,Yes
607,4.12667436811585,72.02837690776644,Medium,87.4934921554822,Low,Yes,No
608,7.285397220961509,94.01069523467085,High,67.07764678175529,Medium,No,No
609,10.068345417097138,77.011362457313,High,51.006531784206075,Medium,Yes,Yes
610,13.807896572587307,86.20035743813531,High,91.29844117368846,High,Yes,Yes
611,0.7862427968219787,96.40237262684374,Low,92.95359260634083,Low,Yes,Yes
612,15.988207978180853,89.52632107141582,Medium,67.97858536841021,Medium,Yes,Yes
613,12.558007789818156,85.98873359654006,High,44.54198363858725,Low,No,Yes
614,1.6351806389774382,79.73001259346127,Medium,63.269565395015874,Medium,No,No
615,17.471572482135546,79.99005739174594,Medium,88.2122595677562,Low,Yes,Yes
616,18.417448010636264,90.0846086559457,High,94.10644171277372,Medium,No,No
617,1.221559197097275,99.82418083663502,High,52.20836454985575,High,Yes,No
618,5.5375529629440745,89.85517569548136,Medium,44.01841672151629,High,Yes,Yes
619,16.124025595861227,86.73350252110075,High,92.64102718797032,Low,Yes,Yes
620,14.965193807673167,91.91951530717739,Medium,63.364296338732515,Medium,Yes,Yes
621,3.6904203871275465,83.95616836851154,Medium,72.5056578560538,Medium,No,No
622,4.186986466734206,71.80427027802355,High,98.08394872304554,Low,Yes,Yes
623,7.40944205582764,86.86890447633729,Low,43.99388367485337,Medium,Yes,No
624,9.690459703820427,98.7287585351614,High,78.89908044712573,Low,No,Yes
625,12.365095430605919,75.25908827072979,Low,44.446325354492025,Medium,Yes,Yes
626,7.378272791395448,90.70014672461997,Medium,62.52813570799002,Low,No,Yes
627,9.250694322662959,76.0280106597717,Medium,88.22887271160681,Medium,Yes,No
628,14.94941876267513,86.07483053419244,Low,66.00833396533807,Low,Yes,No
629,0.733664057811958,72.90029348940159,Medium,99.83094123417703,Medium,Yes,Yes
630,5.048738886880415,83.51112808774556,Low,73.54355709679612,High,Yes,Yes
631,14.266991717691049,92.68489986685738,Low,59.269729158157205,Medium,Yes,No
632,17.904136753743987,80.42714572716946,Medium,53.20667955428519,Low,Yes,Yes
633,10.233548842313322,89.94735173461655,Low,61.03123205716971,High,No,No
634,10.642269705306314,93.86349882369188,High,62.35199642557305,Medium,Yes,Yes
635,2.143440226795521,97.81533458438358,High,44.12282066343766,High,No,Yes
636,8.948247336469093,77.0392624556636,Medium,62.174451965606394,Medium,No,Yes
637,10.652345329100463,81.97947747427925,Medium,67.85431118435349,High,Yes,Yes
638,4.849410072694593,74.57248039991252,Low,83.36426513432828,Low,No,Yes
639,5.384864618987619,99.77450506475125,Low,79.40376908329648,Medium,Yes,Yes
640,7.545683262092453,97.81002903772887,Low,82.52593931374926,Medium,No,Yes
641,0.40142395555452737,86.19871390841679,Low,40.50182091261143,Low,Yes,Yes
642,6.441583311663566,95.26099883129264,High,53.06004397483216,High,No,Yes
643,4.2289601399308925,85.62873931816127,High,79.70105730399139,Low,No,Yes
644,6.5499470435582925,88.70757064008279,Medium,69.03936209078483,Low,Yes,No
645,2.3952426363850243,72.6737329634805,Low,40.318808540100754,High,No,No
646,17.8105456147979,92.65811261490424,Low,88.26967854590934,Low,Yes,Yes
647,11.871849071080973,73.83140450905705,Medium,86.36857439742025,Medium,Yes,Yes
648,13.582046382889793,94.78202890757585,Low,72.90514977961377,Medium,Yes,Yes
649,15.783424772146766,93.46084263011159,Low,43.987799546576326,Medium,Yes,Yes
650,9.968843978581145,91.26234093228929,Low,85.99090297195508,Low,Yes,Yes
651,1.7384057617484738,71.08481141574286,Low,75.02281526388184,Medium,No,Yes
652,10.742130836370956,79.09385067835986,Low,86.91759862947755,Medium,No,Yes
653,11.736822360417582,77.89337709732528,Medium,85.10481954375042,Medium,No,Yes
654,14.9087894836866,80.80409222414558,Low,88.18012431747023,Medium,Yes,Yes
655,8.633190924593588,72.62928240291515,Medium,71.08048398427749,Medium,No,No
656,2.551606055911275,98.10873469093188,Low,48.4194710916109,Medium,No,Yes
657,5.675518115974489,86.61406722137129,High,80.26944840278132,Low,No,No
658,7.261645927972702,79.1657293197407,High,77.22842710311824,Medium,No,Yes
659,12.918344826632024,81.9094455122285,High,84.53519123194523,Medium,No,Yes
660,11.415566093378239,83.41607621514507,High,50.19286036304412,High,Yes,Yes
661,7.121934517956925,88.01783000081852,Medium,51.69851199401735,Low,Yes,Yes
662,19.730304975859593,85.47038283089493,Medium,93.42457103315971,Low,No,Yes
663,12.115496387137743,97.58175919643253,Low,84.99866790712426,Low,Yes,Yes
664,4.74453583471989,84.90890448717491,High,94.49370932201938,Low,Yes,No
665,2.035649452408075,99.76474044469938,Medium,85.52291926983524,Medium,No,Yes
666,3.0571827836866405,95.54274873235288,Low,75.82931835941811,Medium,No,Yes
667,4.919154567690162,76.25531543072007,Low,79.24796422167242,High,Yes,No
668,3.2136274651911134,97.91785643931749,Medium,93.3476754364006,High,No,Yes
669,3.7313404810261153,73.49099193656428,High,74.72840527071642,Low,Yes,No
670,5.701903373876942,94.52349125473575,Low,77.94347945970324,High,Yes,Yes
671,3.4674719058950965,81.4186988042974,High,49.38860296021603,High,No,Yes
672,17.935308492528502,96.33922961335209,High,68.43527320696616,Low,Yes,Yes
673,1.6046749132328442,96.04170070322351,High,82.98382671748594,Low,Yes,Yes
674,10.490227791405093,94.17776200352864,Low,56.25656189898193,High,Yes,Yes
675,8.20793653979323,93.70091308921184,High,52.13525083147209,Medium,No,Yes
676,19.64757233817213,79.14037417294122,Low,58.82960849346493,High,No,Yes
677,2.240778043361047,72.42757849153756,High,54.49003767957001,High,No,Yes
678,7.957111980914833,82.08940536295485,Low,52.894758222183754,Medium,No,No
679,19.38940866550738,75.20573544959527,High,65.49105057208521,Medium,Yes,Yes
680,17.310142517879605,90.84853266707385,Medium,94.47031083301204,Low,No,Yes
681,16.3414414189856,80.38299179613357,High,70.4235788043231,Low,No,Yes
682,5.158056540898796,99.26830602579744,High,51.275222848919384,High,No,Yes
683,3.4177517478013164,89.22916232035996,Low,44.61830016285244,Medium,No,Yes
684,13.37286439848862,94.67441690903082,Low,81.76936870827552,Low,Yes,Yes
685,18.587519782551716,73.97574018225545,High,62.967925866183265,High,Yes,Yes
686,11.135257860278596,95.86043446817868,Medium,89.30985679512156,Medium,Yes,Yes
687,11.432253789397997,97.68271571540183,Medium,79.5706461184462,High,No,Yes
688,5.5995818732056835,84.61185756456808,Low,87.77448703248211,Low,No,Yes
689,15.389858663838737,88.18758813252933,Medium,56.316762365106925,Low,Yes,Yes
690,3.7408749711504674,92.94429402708987,High,81.54153534766348,Medium,No,No
691,6.473584728084873,75.24515881781238,Low,55.84371908162313,High,No,Yes
692,8.508728772328336,85.07698229390327,High,96.3441087670175,Medium,Yes,No
693,10.1522075736891,81.9598908331694,Low,78.18245689200246,Low,Yes,No
694,4.848194648301605,74.39121976486747,Low,59.470708010520525,Low,No,No
695,2.2967364947840707,81.02603266874594,Low,56.17071173753636,High,No,Yes
696,12.212400848832651,72.04516928156481,Low,51.45559510429861,High,No,No
697,5.772611064805115,70.77435720848462,Medium,81.67845753362366,High,Yes,Yes
698,11.624764428452245,74.05498867464468,High,53.12293677987564,Medium,Yes,Yes
699,3.0872543054840462,98.89345334767522,High,75.71819595564935,High,Yes,No
700,9.62280203709635,86.4858860768505,High,55.878101615521445,High,Yes,No
701,10.651788651031717,98.9746648345966,Low,79.71813668763212,Low,No,Yes
702,1.0364707364485382,82.97493634990396,Medium,88.89638371243235,Low,Yes,Yes
703,6.732085563878412,79.35448399255779,High,86.68151458867919,High,Yes,Yes
704,2.688293538779485,85.18425588520732,Medium,85.6510798558469,High,No,Yes
705,1.2674994094553549,83.1853506589873,Low,51.263344341535124,Low,No,No
706,19.799204647798906,73.16994052785232,High,45.30309681907112,High,No,No
707,6.447076899494459,89.22478944070619,Medium,81.93692970924315,Medium,Yes,No
708,16.1974889170927,76.48114547528799,Low,62.10083282766108,Medium,No,No
709,5.092813095275277,88.58763864693489,Medium,65.94077358420084,Medium,No,No
710,13.630054444478585,89.5060327719446,High,41.86894556760346,High,Yes,Yes
711,15.204557197793731,74.56074559385944,High,55.574586956502955,Low,Yes,No
712,11.912774812156886,71.84048881332005,Low,42.02058423246784,High,No,Yes
713,9.431523771003167,93.4228475820532,Low,92.75114635607486,High,Yes,Yes
714,8.236818282945372,83.79401271307961,Low,54.60380099311183,Low,No,No
715,6.9773653308599055,71.74491386516428,Medium,73.44023017438047,Low,No,No
716,18.59058288495652,99.84598951509301,Medium,42.33875923966782,Low,Yes,Yes
717,16.612388155754584,71.733416829891,Medium,80.01084347833948,Medium,No,No
718,19.300538213330253,90.85105686575659,Low,59.38164074524563,High,Yes,Yes
719,2.4859444697108946,99.5103677579024,High,93.87515121745994,Low,Yes,Yes
720,14.617349504072886,77.17540312647776,High,93.28709133604215,High,Yes,No
721,18.766809136420758,74.26748106061589,Medium,59.51743710170487,Medium,No,Yes
722,3.624661323313203,73.64154818267286,Medium,94.05765374142808,Medium,Yes,Yes
723,1.32992534733555,79.09825442702787,High,99.76946040992672,Low,Yes,Yes
724,14.822412985801181,73.0313743303194,High,89.52493984743688,Low,No,Yes
725,11.489462263598238,90.76484025082397,Medium,90.69228086531373,High,No,Yes
726,16.83657553516544,71.86875394390188,Medium,54.940524166545394,Low,No,Yes
727,2.79544753252579,85.2826638444937,High,74.60214393146538,High,No,Yes
728,15.905346237197804,99.9009056155893,Low,44.03535483804207,Low,Yes,Yes
729,4.032546400954891,94.41910808518057,Medium,45.69507620930018,High,Yes,Yes
730,3.27311885731409,88.45658314693033,High,99.93355672199743,High,Yes,Yes
731,3.285315958619859,79.18760862359835,High,59.598354965554655,High,No,Yes
732,16.29149440462764,88.71687508874916,High,84.89103472293078,High,No,Yes
733,13.303944413924002,85.81124391734954,High,88.39990318160899,Medium,Yes,Yes
734,10.461308495382386,82.78250151671115,Low,91.48139626043375,High,No,Yes
735,7.176609682470049,73.92131130220598,High,99.85769784412939,Low,No,No
736,17.544010816262166,96.598126457214,Medium,54.48978911541207,Medium,Yes,Yes
737,7.848902148452708,83.49353946463968,Low,42.421049611581985,Medium,Yes,Yes
738,16.33198878943154,75.83867535462295,High,64.67149107967515,High,No,No
739,8.782698171404368,81.03278052631869,Low,47.804840189736815,Medium,No,Yes
740,7.538888588498152,82.42389257586781,Medium,41.34555334972331,High,No,Yes
741,9.253595713392128,94.82613686700623,High,61.625609628489165,Low,Yes,Yes
742,6.027557483282841,92.00843141684206,Medium,87.02429506451418,High,Yes,Yes
743,14.952187603525022,93.0791468092402,High,73.97084147350425,Medium,Yes,Yes
744,10.054407801849583,70.33093793285941,High,58.76667935262124,Low,Yes,Yes
745,4.644253902936346,82.48461994539285,High,79.26052032956318,High,Yes,No
746,17.991491465491368,84.44032454905971,High,53.92109081852864,Low,No,Yes
747,7.677824427464229,70.5757683046917,High,40.862886764325104,Low,No,No
748,10.871057222279772,77.79439626235103,Low,85.86120318618563,Medium,No,Yes
749,18.12944221929094,92.80869469366405,High,77.42458509184056,Low,Yes,Yes
750,12.484759918279842,74.11329117186997,High,85.7381574700576,Medium,Yes,Yes
751,2.3379608141672814,86.05930394357775,Low,42.336281001259934,Low,Yes,Yes
752,18.796642472269504,76.45605616051712,Low,90.22717766983914,High,No,Yes
753,12.554161061428356,70.3636232393168,Low,77.17157200217821,Low,Yes,Yes
754,6.6981122931417225,77.23604372798624,Low,73.80372104275841,High,Yes,No
755,2.785441453267745,99.2762126473016,Low,77.47684288687189,High,No,Yes
756,15.880503785405919,94.04611335648968,Low,91.86599481210185,Low,Yes,Yes
757,12.40145511857027,98.787299329631,High,75.21619039353442,High,No,Yes
758,10.66922183952643,84.63562131779088,High,74.85702279329075,Low,Yes,Yes
759,17.877851661019154,73.29208596032511,Medium,99.44074942394595,Low,Yes,Yes
760,15.771944224490614,86.43878466921079,High,85.40381002411408,High,No,Yes
761,3.0334975946550236,83.63132003679883,High,66.53762832706812,High,No,No
762,6.234441355910965,95.33071248218847,Low,82.44382000197567,Medium,No,Yes
763,4.969782796289315,72.94247742352734,Low,63.353828301507306,High,No,No
764,14.87892585145354,84.64723411065334,High,53.73252774900994,Medium,No,Yes
765,0.6706486947155876,74.50145994081953,Medium,75.81111261326556,High,No,No
766,11.39779369742633,79.7402778067018,Low,95.69092588683708,Low,Yes,Yes
767,15.24917371481381,92.12071232163399,High,95.74837120092776,High,Yes,Yes
768,17.53531273523499,84.280543881063,High,60.51431668632942,Low,No,Yes
769,6.841634974318149,81.27664855437308,Medium,71.6606479733017,Low,Yes,Yes
770,16.425146093440258,81.83428835710106,Medium,52.69815391419167,Low,No,Yes
771,2.2126347391041445,83.7834030521796,Low,99.737866569933,Medium,Yes,No
772,16.929045834690363,93.5504963151117,Medium,98.86707447207614,High,No,Yes
773,2.5497732466396483,96.76254066820704,High,78.97053578244683,Low,Yes,No
774,7.945745811207345,98.66004059511785,High,88.2648435806484,Low,Yes,Yes
775,15.945907315591072,93.60710158765886,Medium,82.906009677022,Medium,Yes,Yes
776,2.9983485469754756,79.46220687244038,Medium,75.5894931423681,High,Yes,Yes
777,4.585027904652829,90.64404118259627,Medium,43.20087981933386,High,Yes,Yes
778,14.445051367861325,83.12809372166176,Medium,67.28586055315967,Medium,No,Yes
779,14.400730730921488,77.64011866138154,Low,80.48717813004464,Medium,No,Yes
780,12.822952657705946,95.22614738277768,Medium,80.65189683302108,High,No,Yes
781,13.878968889342001,71.15279046886975,Low,62.387357105343014,Medium,Yes,Yes
782,10.854488866951923,97.0528597640627,High,96.50151919948183,High,No,Yes
783,5.035981178139055,83.84432393874202,Medium,50.04142193420686,High,Yes,No
784,6.913919870078389,89.11604430424842,Low,70.02156677293364,Low,Yes,Yes
785,3.6319543360285134,89.78061766617348,Medium,81.45303859304937,Low,Yes,Yes
786,18.169011226672566,96.85353222119609,High,81.82814835350855,High,No,Yes
787,11.667835895322408,89.10009046501622,High,78.91833740612893,High,Yes,Yes
788,8.017028335272798,88.41800754280186,High,56.51729280711161,High,No,No
789,9.240116072882653,71.9995612168207,Medium,49.37239412119732,High,No,No
790,18.945666792236306,85.55224065835613,Medium,78.15641960960265,High,Yes,Yes
791,3.067028062321604,74.50507002451126,Low,75.95812696836626,High,Yes,Yes
792,11.724596640335944,92.12301306164457,High,50.761360617354455,Medium,No,Yes
793,10.11777357768932,85.36665762438024,Medium,82.3083487342338,High,No,Yes
794,12.229084708692957,90.4068333762506,High,67.31031950401939,Medium,No,Yes
795,0.36220367641681017,71.25018701807153,High,80.06563549618917,Medium,No,Yes
796,17.44247817888303,72.5437604813741,Low,90.24202478620904,High,No,Yes
797,18.642365649672247,91.48970164188047,Low,50.183705714615385,High,No,Yes
798,11.30266367178418,72.1625300799602,Low,41.1486920798102,Medium,Yes,Yes
799,13.933016477537844,72.13770183295776,Low,86.7461551837472,Medium,No,Yes
800,18.449987623545915,70.36325425704662,High,76.58184550915695,High,No,No
801,14.144772686267972,98.6950419489844,Low,81.97837417732731,High,No,Yes
802,3.050780858285227,92.12525078377021,Low,90.28929849931856,Medium,No,Yes
803,11.525767203336263,80.59754225506192,Low,88.16865608947003,Medium,Yes,Yes
804,12.134300927657119,78.89606743862966,Low,97.65520881572948,Medium,Yes,Yes
805,8.48261342604772,80.49109689237548,High,72.1561047311271,Low,No,No
806,14.728884712494457,93.23960593543546,Low,69.30973795959432,Medium,No,Yes
807,18.687340295380295,89.84111833211243,High,64.1132319934438,Low,No,Yes
808,18.51137025813553,75.55586703602404,Medium,49.22146257065227,High,Yes,Yes
809,9.016787428082642,75.22328006002253,High,74.35643397292134,High,Yes,No
810,2.264760916815105,72.95186949140192,High,56.620751459558726,Medium,Yes,No
811,19.69682397924669,89.80908159104014,Low,95.27845073277854,High,Yes,Yes
812,16.777961728918683,92.93117986665209,Medium,74.99144825662586,High,Yes,Yes
813,2.493253624065337,77.95139284975012,Medium,75.57041083048661,High,Yes,Yes
814,18.416837652347446,70.62834883092738,Medium,61.2954796526206,High,No,No
815,17.397927241242567,72.46515002429283,Medium,43.11936111866245,Low,Yes,No
816,10.376761142521442,99.03580104535092,High,41.90462592237932,Low,Yes,Yes
817,11.825508714898586,78.86334332432261,Medium,65.40010864919185,Medium,No,Yes
818,7.980054077402605,93.076694435144,High,45.07392268583427,Medium,Yes,Yes
819,1.0952327764406267,88.73990706562792,High,76.41081733240836,Medium,No,No
820,6.703944832918019,81.45818918958688,High,92.85838033837945,High,Yes,Yes
821,16.057068971960227,76.17061786586666,Medium,92.97488899112332,High,No,Yes
822,0.09264046009205718,73.6415925447822,Low,79.54272460793393,Low,No,Yes
823,6.669983433822884,88.450389041166,Low,52.67390988837586,Low,No,Yes
824,7.963373871818867,93.23901341913364,Medium,91.77980988153232,Medium,No,Yes
825,10.747912058758457,89.31712760623392,Low,93.16560611879248,Low,No,No
826,18.39711232825521,85.90906399747475,Low,51.79921509717752,Low,Yes,Yes
827,6.926919887319225,71.25853670294909,High,84.24556514624064,Low,Yes,No
828,6.939064037924554,99.05466332783152,High,57.19117293562738,Low,No,Yes
829,14.750024962194967,93.96142574963724,Medium,88.15841874117578,Low,No,Yes
830,9.044358817796143,78.78466110102895,Medium,99.83427399421616,Medium,No,Yes
831,4.492096458799639,99.39910988076552,Low,41.80156031976357,Medium,Yes,Yes
832,9.048790322653868,88.05644768908967,High,93.84195194745593,Low,No,Yes
833,2.817140407595997,87.4726797462174,Medium,77.35783201591948,Medium,No,No
834,3.527739730124466,92.44219538288596,Medium,98.40295714988926,High,No,Yes
835,9.967355454789594,94.35309364270412,Medium,67.90057105158566,Low,No,Yes
836,8.378508990090959,89.69435821994509,Medium,90.84327583428242,High,Yes,No
837,18.296918021362,73.842872390986,Medium,43.743644115896636,Medium,No,Yes
838,7.247877982332662,80.14802517983495,Medium,60.11674300469774,Medium,No,Yes
839,11.61176700556087,97.8425092097815,Low,44.0209922650726,High,Yes,Yes
840,12.645285758390607,76.73846835531556,High,98.52058800874423,Medium,No,Yes
841,0.2618891317666727,81.1650107151254,High,89.0184344363102,Low,No,Yes
842,13.270747440334212,82.96230648832588,Medium,91.15284527475822,High,Yes,Yes
843,3.5607193373950285,83.18214969083357,High,96.27791388603364,Low,Yes,Yes
844,19.221406349389103,88.38818747483576,High,45.10620916718712,High,Yes,Yes
845,2.973254555062259,98.29227513234123,High,63.1358555508,Medium,No,Yes
846,8.292482474540474,77.22078135497514,Medium,44.26209334264013,High,No,No
847,1.7069933615728772,73.64504128902755,Medium,52.64758609300172,High,Yes,Yes
848,19.937485036918947,75.92411469579812,High,53.76194662226034,Low,Yes,Yes
849,10.043900206624851,96.60774700627809,High,68.14643266285472,Medium,Yes,Yes
850,11.907700346400876,89.37432437965617,Medium,56.11373004721855,Low,No,Yes
851,1.3415295477685496,78.57720367717481,Low,46.058686409065665,Medium,No,No
852,14.999209407983557,94.47840816905853,High,50.04946534564646,Low,Yes,Yes
853,4.198111861911715,95.84109989090308,Low,48.836533813125456,High,No,Yes
854,17.961085788814273,95.39543016070834,High,98.3846078747379,Low,Yes,No
855,4.102792809640143,97.56779600918664,Low,85.55755041510841,Medium,No,Yes
856,3.8137544132733314,77.56723060520085,Low,98.06568791617372,Medium,No,Yes
857,0.7309933569618976,92.65125786238835,Low,66.38442919047452,High,No,Yes
858,9.441338902199984,83.8161849182242,Medium,56.702108899759395,Medium,No,Yes
859,11.296822665252328,95.25995658670185,Low,87.8975918325512,Low,Yes,Yes
860,1.3141727885670473,91.8547203148484,Low,59.57523508246881,High,No,Yes
861,15.510552333900211,93.29342339499173,Low,57.9630024223209,Medium,No,Yes
862,9.065776694960553,89.68485513043214,High,53.950359532469875,Medium,Yes,No
863,10.487805386551601,75.32286308409121,Low,47.78073869345412,Low,No,Yes
864,8.815254938764562,86.35080756690814,High,55.387783661005955,Low,Yes,No
865,8.01526121750652,99.54009218573525,Low,61.31918490843326,High,Yes,Yes
866,11.192806626164359,98.12164199491357,Low,80.43965248874383,Medium,No,No
867,3.10480491861425,71.29521207391035,Medium,43.753890533167095,Low,No,Yes
868,3.6385626099054225,74.94444447188312,High,52.630416379920575,High,Yes,No
869,17.235712420270346,73.95186320363686,Low,88.54141841750058,Medium,Yes,Yes
870,18.922309242672654,91.77939729955887,High,48.81531541502625,Medium,Yes,Yes
871,7.466186325595059,94.53355989570835,High,60.55870879135129,High,No,Yes
872,5.414893462871076,76.40534098932015,Medium,91.87953531148841,High,Yes,Yes
873,12.879990864780314,85.17558078855487,Medium,49.29551866860656,Low,Yes,Yes
874,8.174683421961928,95.221090840336,Medium,44.96421013709139,Medium,Yes,Yes
875,0.5077271132068972,91.98404634298751,Medium,69.07227970480065,Medium,No,Yes
876,3.123051947323807,86.26711616475545,Medium,58.14517067671218,Medium,Yes,No
877,14.319444576947951,87.71043071376319,Medium,73.80450186903124,High,No,Yes
878,13.178478838203027,85.2508164074884,Medium,88.22829342900852,Low,No,No
879,0.5419198500696698,78.92645353956462,Medium,48.22890928916459,Medium,Yes,Yes
880,4.439443238658988,86.95065978577048,Low,74.84194507325711,High,No,No
881,4.621495931761428,90.66655906150272,High,70.33052562339184,Medium,Yes,Yes
882,13.437854871974569,96.19968747582423,Medium,48.64472716079197,Low,No,Yes
883,0.3942107550872831,89.08874061937745,Medium,77.43990913173894,Medium,No,Yes
884,2.082171639691477,92.83364611129474,High,56.4184250716463,Low,Yes,Yes
885,15.998321707463788,74.80214904863719,Low,69.27005911264075,Low,Yes,Yes
886,3.5708932410866723,83.8467242325937,High,44.93633945662371,Medium,Yes,No
887,13.054922157037494,70.2799485948128,High,67.57504343281738,Medium,No,Yes
888,4.76365562093453,77.4003659356487,Medium,58.38780808256922,Low,No,Yes
889,1.9888278551869032,91.79385145339015,High,89.34287267112126,High,Yes,Yes
890,4.863443819989081,99.7542985404809,High,43.4187236198421,Low,Yes,No
891,14.445338637113183,72.97534298761647,Medium,65.1164364950998,Medium,No,Yes
892,17.113929362125717,82.04482947583864,Medium,67.50588544788627,Medium,No,Yes
893,16.604397291339833,94.00212906097478,Medium,83.50036457794712,High,No,Yes
894,7.943670592369097,76.12106903886696,Medium,74.45725450541266,Low,Yes,Yes
895,13.361702731412922,86.65254847906859,High,80.03274023165086,Low,No,Yes
896,4.099685908316419,91.99213888089025,High,86.62295713910537,Low,Yes,Yes
897,5.862954605220265,88.47956350780537,Low,91.73217841949133,Medium,No,No
898,17.926716370422394,75.64074203846249,Low,58.83252980334823,Low,No,No
899,0.2600384702147207,80.66153706057219,High,72.28136232183418,High,Yes,No
900,1.7101706170893616,93.51375353456191,Low,90.40648470635199,Medium,Yes,No
901,4.157725102920546,86.6267954239605,High,99.36706785790338,Medium,Yes,No
902,0.5306440774763943,70.15688840628738,Low,93.37115866262579,Low,No,Yes
903,3.6287087017959463,92.82972280084282,Medium,62.28803575746261,High,No,Yes
904,11.660831219393843,71.05934064820717,Low,51.709991033119024,Medium,No,Yes
905,8.428491011849959,92.37201348193696,Medium,69.36355224439532,Medium,Yes,Yes
906,17.853434221539498,76.07441680495712,Medium,84.49848711016253,Low,No,Yes
907,16.34887123476882,98.74220440358141,Medium,69.55414424519785,Low,Yes,Yes
908,6.836347033957519,81.03822253906253,Medium,68.9908517988201,High,Yes,No
909,5.18846866862585,79.80794849014237,Low,90.29382526490804,Low,Yes,No
910,7.5938481633453385,74.46664150997334,High,61.68422674403118,High,No,Yes
911,11.805898850296154,79.16812646470645,Medium,91.58768048869874,Medium,No,Yes
912,5.361272816457525,96.29952285484602,Low,64.40828805710342,High,Yes,Yes
913,12.48297815698268,99.89003012881741,Medium,59.69398634070036,High,No,Yes
914,8.188233043824809,81.04928591520545,Low,67.23939467198194,High,Yes,Yes
915,11.040943617039606,83.45831892863627,Low,85.7468175204921,Medium,Yes,Yes
916,8.722530582706334,91.66212814608211,Low,47.56012167183965,Low,No,Yes
917,5.889315190838353,96.58587341395224,High,51.78515295232104,Medium,Yes,Yes
918,18.969066139243132,87.79133002560353,Low,97.08668953978551,Low,Yes,Yes
919,15.272115883195216,81.74577094533488,Low,50.52949764288144,High,No,Yes
920,2.802263515329051,82.37865522545871,High,74.06363907586328,High,Yes,No
921,17.369359517958255,90.8685443949042,High,74.75886799971627,High,Yes,Yes
922,9.748623964990273,70.09654790812836,Low,69.37746772301469,High,Yes,No
923,17.89104453788183,88.58768012379522,High,78.68471491460912,High,Yes,Yes
924,15.997105118946305,80.66479031324073,Medium,53.789603547857105,Low,Yes,Yes
925,8.504270089384669,93.82591993831252,Medium,73.15973606660489,Low,Yes,Yes
926,0.44938616640234796,72.78971919469396,High,62.33039531481383,High,Yes,Yes
927,5.373547187698922,87.64606800845172,High,79.70003557775135,Medium,No,Yes
928,10.832684293217339,84.42918669658371,Low,48.47341260238897,Medium,No,Yes
929,12.669564396522945,89.26976577715682,High,74.25264501036858,High,Yes,Yes
930,5.157753708664046,71.94560783448905,Low,51.11622132299942,Low,Yes,Yes
931,2.7871214814564826,87.39951362284394,Medium,56.71858378690219,Medium,No,No
932,16.69860473598598,86.84453763878571,High,53.12258801941499,Medium,No,No
933,19.68804361407104,86.81980283248512,Low,50.970266792129024,Medium,No,Yes
934,10.513803646053717,88.10462999789365,Low,89.54265709364002,High,No,Yes
935,3.43358571696607,90.29403811679086,Medium,57.14245405965342,Medium,No,Yes
936,5.446146530387379,94.14966999042309,High,95.62742691186696,Medium,Yes,Yes
937,0.36781353094933467,78.09462160384643,Medium,98.19559152071145,Medium,No,No
938,18.28597613120998,94.75148230540186,Low,74.27562819622584,Medium,No,Yes
939,2.3550216578028227,84.9476704679036,Low,48.580067359943584,Low,No,No
940,11.530329510285071,72.31174837402993,High,62.47289460277487,High,Yes,Yes
941,5.48110441374412,71.75652787731937,Low,87.86393580089285,High,Yes,Yes
942,11.083560050315867,80.02714956088182,High,62.04344372182423,Low,Yes,Yes
943,13.028407767037285,93.54690931334403,Medium,45.221033098167325,Low,Yes,Yes
944,16.594836074144034,91.23042804222747,High,73.40709465569128,High,Yes,Yes
945,4.128425435212064,93.65844894017219,High,90.70725108976208,Medium,Yes,Yes
946,0.21991657316960955,85.51807169324829,Low,87.75558322861013,Medium,No,No
947,2.7377126013761455,83.20596993866472,Low,50.507388407821196,High,Yes,Yes
948,18.0003728369621,74.42357580118852,High,80.365876864748,Medium,Yes,Yes
949,17.477801551250305,79.84578260827935,Low,53.23025580613883,Low,No,Yes
950,11.948262043406165,83.02058098521626,Low,53.09245207313033,Medium,Yes,Yes
951,12.010337208673068,72.65801289038852,Low,92.44430639831111,Medium,No,Yes
952,13.30073349092511,76.61835858133634,High,54.98013716441381,Medium,No,Yes
953,3.507425572468992,87.94675882191217,Low,55.794840791080674,High,Yes,Yes
954,18.288238918499196,92.0698934271757,High,40.03920344567797,Low,No,Yes
955,8.375410497841463,99.95042534178849,Low,92.24014204753107,Medium,No,Yes
956,7.662770564989949,97.99339994030673,Medium,87.55568879254808,High,No,Yes
957,10.37835410565675,89.27695598605575,Low,77.63973610544068,Medium,No,Yes
958,0.9393193355011009,82.63744159882216,Low,85.01594583633053,Low,Yes,Yes
959,3.325667375121588,89.08532094124698,High,49.12291404546951,Medium,No,Yes
960,14.76067232852741,93.56954854240696,High,67.49941567525453,Low,Yes,Yes
961,1.6559733585025294,73.55008572770161,Low,61.07316324092685,Medium,No,No
962,12.063042189327764,82.29714669088865,Medium,45.62659157542099,Low,No,Yes
963,4.906982193626419,95.19406856906852,Low,69.16782911289545,Medium,No,Yes
964,7.785912280839531,81.51498855799132,Low,95.24437902055811,Low,Yes,Yes
965,5.773874735413997,87.1561681368156,Medium,42.40354714304167,Medium,Yes,Yes
966,7.113454329298983,87.63308082586595,High,57.48765480962763,Medium,Yes,No
967,14.380918103684909,75.53428759400919,Low,52.45245617234221,High,No,Yes
968,5.942434312463501,80.86706324956864,High,54.28879921994178,High,No,Yes
969,11.328092805937944,80.03533866225797,High,94.50607311276252,Low,No,Yes
970,9.521008043981993,70.78590125596195,Medium,68.08414325405741,Medium,No,No
971,13.273423307252962,70.72575291674066,Medium,67.97796477638913,Low,Yes,Yes
972,18.73659478649516,94.9509113102732,High,85.63453854731694,High,No,Yes
973,14.651441944205006,78.19212429918437,Low,49.26953224029555,Low,Yes,Yes
974,4.298807571815136,85.54236298716447,High,69.23592124600304,Low,No,Yes
975,0.6236627012256934,78.96176720766319,Low,65.79911284726359,High,Yes,No
976,5.245280885996502,98.22037735346021,Low,75.81464143279936,Medium,Yes,Yes
977,11.901558614005097,77.77890276597321,Medium,99.97346219502631,Low,No,No
978,1.028516269685007,82.88970438216805,Low,86.16693364492284,High,No,Yes
979,9.927324944024727,96.18190751453805,Low,63.87194218104563,Medium,Yes,Yes
980,11.936856978337785,95.25800700375426,High,89.65318313644282,High,No,Yes
981,6.684877816339217,75.58304253538832,Medium,50.24250179874881,Low,No,Yes
982,15.418244074916439,94.07929929387132,Low,41.827821178537604,Medium,Yes,Yes
983,2.131965062675436,83.74560660213677,Low,52.26690234785639,Medium,Yes,Yes
984,1.5027556347161752,84.48906616256066,Medium,60.42469336685558,High,Yes,Yes
985,14.563775124072066,74.00439917247832,High,70.6348454475736,High,Yes,No
986,9.90982632412397,72.41804541271374,Medium,76.90774843247199,High,No,Yes
987,13.76804792855472,91.83817920921295,Medium,94.63634303286531,Medium,Yes,Yes
988,8.696546772074925,84.893834570659,Low,70.59124057302746,Medium,Yes,No
989,4.928040664782136,83.10552107845538,Low,70.07653867754377,Low,Yes,Yes
990,16.382046353483993,91.88524685957191,High,43.01458058937893,Medium,No,Yes
991,15.988317579379585,92.96538696973329,Low,42.09469315937343,Low,Yes,Yes
992,13.893929417088536,74.7672450300806,Low,73.06959771498232,High,No,No
993,5.4429027445992535,88.30675448432925,Medium,66.29071679490067,High,Yes,No
994,11.804613337381742,74.06062246833056,Low,90.35082369881792,Medium,Yes,Yes
995,7.2194779388005355,92.54125258087137,High,49.64077508271071,High,No,Yes
996,1.831641466532683,89.70865468801418,Medium,41.498299727022975,High,Yes,No
997,18.346271509244858,98.69843863250374,High,66.94232607580756,Medium,Yes,Yes
998,2.736372618379228,72.06874049069263,Medium,54.24871340513545,Low,No,No
999,19.00474707641605,71.71164163453763,Low,42.97686240033025,Medium,Yes,Yes
1000,8.920115459159115,78.465612240796,Medium,83.47589721085774,Low,Yes,Yes
